Fecha;Llamadas_Predecidas;Llamadas_Recibidas;Es_Cyber;;;;;;;;;;;;;;;;;
01-06-2021;5328;9800;SI;;;;;;;;;;;;;;;;;
02-06-2021;5114;7687;SI;;;;;;;;;;;;;;;;;
03-06-2021;4906;5895;NO;;;;;;;;;;;;;;;;;
04-06-2021;4534;5045;NO;;;;;;;;;;;;;;;;;
05-06-2021;1757;2228;NO;;;;;;;;;;;;;;;;;
06-06-2021;1044;791;NO;;;;;;;;;;;;;;;;;
07-06-2021;5168;4955;NO;;;;;;;;;;;;;;;;;
08-06-2021;4586;4057;NO;;;;;;;;;;;;;;;;;
09-06-2021;4467;3621;NO;;;;;;;;;;;;;;;;;
10-06-2021;4469;3530;NO;;;;;;;;;;;;;;;;;
11-06-2021;3817;3507;NO;;;;;;;;;;;;;;;;;
12-06-2021;1370;1392;NO;;;;;;;;;;;;;;;;;
13-06-2021;826;606;NO;;;;;;;;;;;;;;;;;
14-06-2021;4661;3989;NO;;;;;;;;;;;;;;;;;
15-06-2021;4109;3850;NO;;;;;;;;;;;;;;;;;
16-06-2021;3964;3680;NO;;;;;;;;;;;;;;;;;
17-06-2021;3949;3299;NO;;;;;;;;;;;;;;;;;
18-06-2021;3392;3001;NO;;;;;;;;;;;;;;;;;
19-06-2021;1229;1285;NO;;;;;;;;;;;;;;;;;
20-06-2021;737;479;NO;;;;;;;;;;;;;;;;;
21-06-2021;4624;980;NO;;;;;;;;;;;;;;;;;
22-06-2021;4117;3961;NO;;;;;;;;;;;;;;;;;
23-06-2021;3914;3759;NO;;;;;;;;;;;;;;;;;
24-06-2021;3909;3769;NO;;;;;;;;;;;;;;;;;
25-06-2021;3421;3331;NO;;;;;;;;;;;;;;;;;
26-06-2021;1150;1586;NO;;;;;;;;;;;;;;;;;
27-06-2021;713;642;NO;;;;;;;;;;;;;;;;;
28-06-2021;975;974;NO;;;;;;;;;;;;;;;;;
29-06-2021;5275;3999;NO;;;;;;;;;;;;;;;;;
30-06-2021;5321;4525;NO;;;;;;;;;;;;;;;;;
01-07-2021;5606;4082;NO;;;;;;;;;;;;;;;;;
02-07-2021;4766;4163;NO;;;;;;;;;;;;;;;;;
03-07-2021;1634;1517;NO;;;;;;;;;;;;;;;;;
04-07-2021;824;640;NO;;;;;;;;;;;;;;;;;
05-07-2021;5932;7192;NO;;;;;;;;;;;;;;;;;
06-07-2021;4759;5188;NO;;;;;;;;;;;;;;;;;
07-07-2021;4272;4109;NO;;;;;;;;;;;;;;;;;
08-07-2021;3622;3224;NO;;;;;;;;;;;;;;;;;
09-07-2021;3403;3275;NO;;;;;;;;;;;;;;;;;
10-07-2021;1855;1264;NO;;;;;;;;;;;;;;;;;
11-07-2021;1049;511;NO;;;;;;;;;;;;;;;;;
12-07-2021;4175;3283;NO;;;;;;;;;;;;;;;;;
13-07-2021;3759;3009;NO;;;;;;;;;;;;;;;;;
14-07-2021;3380;2758;NO;;;;;;;;;;;;;;;;;
15-07-2021;2935;2513;NO;;;;;;;;;;;;;;;;;
16-07-2021;1020;835;NO;;;;;;;;;;;;;;;;;
17-07-2021;1510;887;NO;;;;;;;;;;;;;;;;;
18-07-2021;749;405;NO;;;;;;;;;;;;;;;;;
19-07-2021;4267;2955;NO;;;;;;;;;;;;;;;;;
20-07-2021;3859;2772;NO;;;;;;;;;;;;;;;;;
21-07-2021;3458;2647;NO;;;;;;;;;;;;;;;;;
22-07-2021;3044;2597;NO;;;;;;;;;;;;;;;;;
23-07-2021;2879;2524;NO;;;;;;;;;;;;;;;;;
24-07-2021;1763;1212;NO;;;;;;;;;;;;;;;;;
25-07-2021;827;620;NO;;;;;;;;;;;;;;;;;
26-07-2021;4661;3148;NO;;;;;;;;;;;;;;;;;
27-07-2021;4208;2839;NO;;;;;;;;;;;;;;;;;
28-07-2021;3750;3215;NO;;;;;;;;;;;;;;;;;
29-07-2021;4090;3130;NO;;;;;;;;;;;;;;;;;
30-07-2021;3808;2854;NO;;;;;;;;;;;;;;;;;
31-07-2021;1999;1336;NO;;;;;;;;;;;;;;;;;
01-08-2021;965;624;NO;;;;;;;;;;;;;;;;;
02-08-2021;4239;3614;NO;;;;;;;;;;;;;;;;;
03-08-2021;4972;3316;NO;;;;;;;;;;;;;;;;;
04-08-2021;4326;3541;NO;;;;;;;;;;;;;;;;;
05-08-2021;3993;3139;NO;;;;;;;;;;;;;;;;;
06-08-2021;3602;2942;NO;;;;;;;;;;;;;;;;;
07-08-2021;1523;1281;NO;;;;;;;;;;;;;;;;;
08-08-2021;651;562;NO;;;;;;;;;;;;;;;;;
09-08-2021;4919;3043;NO;;;;;;;;;;;;;;;;;
10-08-2021;4329;2605;NO;;;;;;;;;;;;;;;;;
11-08-2021;3931;2616;NO;;;;;;;;;;;;;;;;;
12-08-2021;3872;2094;NO;;;;;;;;;;;;;;;;;
13-08-2021;3613;2136;NO;;;;;;;;;;;;;;;;;
14-08-2021;1502;1175;NO;;;;;;;;;;;;;;;;;
15-08-2021;660;545;NO;;;;;;;;;;;;;;;;;
16-08-2021;4368;2554;NO;;;;;;;;;;;;;;;;;
17-08-2021;4161;2565;NO;;;;;;;;;;;;;;;;;
18-08-2021;3896;2604;NO;;;;;;;;;;;;;;;;;
19-08-2021;3817;2736;NO;;;;;;;;;;;;;;;;;
20-08-2021;3558;2224;NO;;;;;;;;;;;;;;;;;
21-08-2021;1475;1144;NO;;;;;;;;;;;;;;;;;
22-08-2021;663;505;NO;;;;;;;;;;;;;;;;;
23-08-2021;4309;2686;NO;;;;;;;;;;;;;;;;;
24-08-2021;4004;2555;NO;;;;;;;;;;;;;;;;;
25-08-2021;3851;2482;NO;;;;;;;;;;;;;;;;;
26-08-2021;3772;2439;NO;;;;;;;;;;;;;;;;;
27-08-2021;3525;2544;NO;;;;;;;;;;;;;;;;;
28-08-2021;1473;1399;NO;;;;;;;;;;;;;;;;;
29-08-2021;742;552;NO;;;;;;;;;;;;;;;;;
30-08-2021;6172;3573;NO;;;;;;;;;;;;;;;;;
31-08-2021;5431;3266;NO;;;;;;;;;;;;;;;;;
01-09-2021;4184;3449;NO;;;;;;;;;;;;;;;;;
02-09-2021;4214;3268;NO;;;;;;;;;;;;;;;;;
03-09-2021;3815;3265;NO;;;;;;;;;;;;;;;;;
04-09-2021;1740;2291;NO;;;;;;;;;;;;;;;;;
05-09-2021;741;1177;NO;;;;;;;;;;;;;;;;;
06-09-2021;4033;4028;NO;;;;;;;;;;;;;;;;;
07-09-2021;3866;3458;NO;;;;;;;;;;;;;;;;;
08-09-2021;3605;3050;NO;;;;;;;;;;;;;;;;;
09-09-2021;3209;2636;NO;;;;;;;;;;;;;;;;;
10-09-2021;2768;3458;NO;;;;;;;;;;;;;;;;;
11-09-2021;1190;1236;NO;;;;;;;;;;;;;;;;;
12-09-2021;604;569;NO;;;;;;;;;;;;;;;;;
13-09-2021;3116;2779;NO;;;;;;;;;;;;;;;;;
14-09-2021;2656;2317;NO;;;;;;;;;;;;;;;;;
15-09-2021;2466;2274;NO;;;;;;;;;;;;;;;;;
16-09-2021;2113;1963;NO;;;;;;;;;;;;;;;;;
17-09-2021;1051;506;NO;;;;;;;;;;;;;;;;;
18-09-2021;;;NO;;;;;;;;;;;;;;;;;
19-09-2021;;;NO;;;;;;;;;;;;;;;;;
20-09-2021;3344;3050;NO;;;;;;;;;;;;;;;;;
21-09-2021;2970;2567;NO;;;;;;;;;;;;;;;;;
22-09-2021;2724;2702;NO;;;;;;;;;;;;;;;;;
23-09-2021;2481;2377;NO;;;;;;;;;;;;;;;;;
24-09-2021;2152;2293;NO;;;;;;;;;;;;;;;;;
25-09-2021;1160;1105;NO;;;;;;;;;;;;;;;;;
26-09-2021;548;503;NO;;;;;;;;;;;;;;;;;
27-09-2021;3500;2646;NO;;;;;;;;;;;;;;;;;
28-09-2021;3337;2858;NO;;;;;;;;;;;;;;;;;
29-09-2021;3117;3029;NO;;;;;;;;;;;;;;;;;
30-09-2021;2919;3700;NO;;;;;;;;;;;;;;;;;
01-10-2021;3353;5565;NO;;;;;;;;;;;;;;;;;
02-10-2021;1408;1585;NO;;;;;;;;;;;;;;;;;
03-10-2021;898;732;NO;;;;;;;;;;;;;;;;;
04-10-2021;7810;8464;SI;;;;;;;;;;;;;;;;;
05-10-2021;6416;10052;SI;;;;;;;;;;;;;;;;;
06-10-2021;5601;7216;SI;;;;;;;;;;;;;;;;;
07-10-2021;4905;4913;NO;;;;;;;;;;;;;;;;;
08-10-2021;4151;3389;NO;;;;;;;;;;;;;;;;;
09-10-2021;1557;1495;NO;;;;;;;;;;;;;;;;;
10-10-2021;715;753;NO;;;;;;;;;;;;;;;;;
11-10-2021;1045;972;NO;;;;;;;;;;;;;;;;;
12-10-2021;4473;3540;NO;;;;;;;;;;;;;;;;;
13-10-2021;4314;3143;NO;;;;;;;;;;;;;;;;;
14-10-2021;4354;2807;NO;;;;;;;;;;;;;;;;;
15-10-2021;3862;2725;NO;;;;;;;;;;;;;;;;;
16-10-2021;1561;1266;NO;;;;;;;;;;;;;;;;;
17-10-2021;580;612;NO;;;;;;;;;;;;;;;;;
18-10-2021;3736;2918;NO;;;;;;;;;;;;;;;;;
19-10-2021;3626;2906;NO;;;;;;;;;;;;;;;;;
20-10-2021;3496;2792;NO;;;;;;;;;;;;;;;;;
21-10-2021;3473;2887;NO;;;;;;;;;;;;;;;;;
22-10-2021;3237;2781;NO;;;;;;;;;;;;;;;;;
23-10-2021;1379;1134;NO;;;;;;;;;;;;;;;;;
24-10-2021;453;600;NO;;;;;;;;;;;;;;;;;
25-10-2021;3443;2805;NO;;;;;;;;;;;;;;;;;
26-10-2021;3519;2684;NO;;;;;;;;;;;;;;;;;
27-10-2021;3460;2849;NO;;;;;;;;;;;;;;;;;
28-10-2021;4056;2940;NO;;;;;;;;;;;;;;;;;
29-10-2021;4150;3445;NO;;;;;;;;;;;;;;;;;
30-10-2021;1576;1367;NO;;;;;;;;;;;;;;;;;
31-10-2021;852;580;NO;;;;;;;;;;;;;;;;;
01-11-2021;968;807;NO;;;;;;;;;;;;;;;;;
02-11-2021;3996;4162;NO;;;;;;;;;;;;;;;;;
03-11-2021;3926;4009;NO;;;;;;;;;;;;;;;;;
04-11-2021;3223;3339;NO;;;;;;;;;;;;;;;;;
05-11-2021;3365;3088;NO;;;;;;;;;;;;;;;;;
06-11-2021;1923;1304;NO;;;;;;;;;;;;;;;;;
07-11-2021;881;700;NO;;;;;;;;;;;;;;;;;
08-11-2021;2913;3310;NO;;;;;;;;;;;;;;;;;
09-11-2021;2745;2994;NO;;;;;;;;;;;;;;;;;
10-11-2021;2654;2876;NO;;;;;;;;;;;;;;;;;
11-11-2021;2595;2507;NO;;;;;;;;;;;;;;;;;
12-11-2021;2568;2221;NO;;;;;;;;;;;;;;;;;
13-11-2021;1095;1176;NO;;;;;;;;;;;;;;;;;
14-11-2021;615;589;NO;;;;;;;;;;;;;;;;;
15-11-2021;3095;3442;NO;;;;;;;;;;;;;;;;;
16-11-2021;2750;2697;NO;;;;;;;;;;;;;;;;;
17-11-2021;2691;2463;NO;;;;;;;;;;;;;;;;;
18-11-2021;2601;2544;NO;;;;;;;;;;;;;;;;;
19-11-2021;2648;2412;NO;;;;;;;;;;;;;;;;;
20-11-2021;1291;1171;NO;;;;;;;;;;;;;;;;;
21-11-2021;583;458;NO;;;;;;;;;;;;;;;;;
22-11-2021;2938;2724;NO;;;;;;;;;;;;;;;;;
23-11-2021;2907;2835;NO;;;;;;;;;;;;;;;;;
24-11-2021;2870;2598;NO;;;;;;;;;;;;;;;;;
25-11-2021;2731;2802;NO;;;;;;;;;;;;;;;;;
26-11-2021;2849;3394;SI;;;;;;;;;;;;;;;;;
27-11-2021;1115;1832;SI;;;;;;;;;;;;;;;;;
28-11-2021;498;1071;SI;;;;;;;;;;;;;;;;;
29-11-2021;3456;4035;NO;;;;;;;;;;;;;;;;;
30-11-2021;3307;3589;NO;;;;;;;;;;;;;;;;;
01-12-2021;3435;3683;NO;;;;;;;;;;;;;;;;;
02-12-2021;3569;3277;NO;;;;;;;;;;;;;;;;;
03-12-2021;3228;3132;NO;;;;;;;;;;;;;;;;;
04-12-2021;1405;1430;NO;;;;;;;;;;;;;;;;;
05-12-2021;771;843;NO;;;;;;;;;;;;;;;;;
06-12-2021;4589;3567;NO;;;;;;;;;;;;;;;;;
07-12-2021;4071;3444;NO;;;;;;;;;;;;;;;;;
08-12-2021;2543;1581;NO;;;;;;;;;;;;;;;;;
09-12-2021;3768;3532;NO;;;;;;;;;;;;;;;;;
10-12-2021;3715;3037;NO;;;;;;;;;;;;;;;;;
11-12-2021;1754;1593;NO;;;;;;;;;;;;;;;;;
12-12-2021;781;831;NO;;;;;;;;;;;;;;;;;
13-12-2021;4035;3361;NO;;;;;;;;;;;;;;;;;
14-12-2021;3664;3278;NO;;;;;;;;;;;;;;;;;
15-12-2021;3834;3094;NO;;;;;;;;;;;;;;;;;
16-12-2021;3837;2788;NO;;;;;;;;;;;;;;;;;
17-12-2021;4023;3045;NO;;;;;;;;;;;;;;;;;
18-12-2021;2159;1493;NO;;;;;;;;;;;;;;;;;
19-12-2021;828;484;NO;;;;;;;;;;;;;;;;;
20-12-2021;3928;3516;NO;;;;;;;;;;;;;;;;;
21-12-2021;3871;3201;NO;;;;;;;;;;;;;;;;;
22-12-2021;2954;3076;NO;;;;;;;;;;;;;;;;;
23-12-2021;2116;3139;NO;;;;;;;;;;;;;;;;;
24-12-2021;1933;1477;NO;;;;;;;;;;;;;;;;;
25-12-2021;;;NO;;;;;;;;;;;;;;;;;
26-12-2021;675;656;NO;;;;;;;;;;;;;;;;;
27-12-2021;3937;3448;NO;;;;;;;;;;;;;;;;;
28-12-2021;3752;3679;NO;;;;;;;;;;;;;;;;;
29-12-2021;3442;3287;NO;;;;;;;;;;;;;;;;;
30-12-2021;3073;3219;NO;;;;;;;;;;;;;;;;;
31-12-2021;2403;1460;NO;;;;;;;;;;;;;;;;;
01-01-2022;;;NO;;;;;;;;;;;;;;;;;
02-01-2022;638;685;NO;;;;;;;;;;;;;;;;;
03-01-2022;4487;3942;NO;;;;;;;;;;;;;;;;;
04-01-2022;4769;3962;NO;;;;;;;;;;;;;;;;;
05-01-2022;3967;4549;NO;;;;;;;;;;;;;;;;;
06-01-2022;3461;3640;NO;;;;;;;;;;;;;;;;;
07-01-2022;2982;3098;NO;;;;;;;;;;;;;;;;;
08-01-2022;1332;1283;NO;;;;;;;;;;;;;;;;;
09-01-2022;733;625;NO;;;;;;;;;;;;;;;;;
10-01-2022;2944;3545;NO;;;;;;;;;;;;;;;;;
11-01-2022;2888;2840;NO;;;;;;;;;;;;;;;;;
12-01-2022;2950;2802;NO;;;;;;;;;;;;;;;;;
13-01-2022;2709;2795;NO;;;;;;;;;;;;;;;;;
14-01-2022;2985;2697;NO;;;;;;;;;;;;;;;;;
15-01-2022;1248;1221;NO;;;;;;;;;;;;;;;;;
16-01-2022;601;669;NO;;;;;;;;;;;;;;;;;
17-01-2022;2687;3048;NO;;;;;;;;;;;;;;;;;
18-01-2022;2713;3060;NO;;;;;;;;;;;;;;;;;
19-01-2022;2571;2722;NO;;;;;;;;;;;;;;;;;
20-01-2022;2697;2639;NO;;;;;;;;;;;;;;;;;
21-01-2022;2692;2450;NO;;;;;;;;;;;;;;;;;
22-01-2022;1093;1264;NO;;;;;;;;;;;;;;;;;
23-01-2022;557;589;NO;;;;;;;;;;;;;;;;;
24-01-2022;2708;3028;NO;;;;;;;;;;;;;;;;;
25-01-2022;2613;3278;NO;;;;;;;;;;;;;;;;;
26-01-2022;2613;2680;NO;;;;;;;;;;;;;;;;;
27-01-2022;2501;2590;NO;;;;;;;;;;;;;;;;;
28-01-2022;2378;2877;NO;;;;;;;;;;;;;;;;;
29-01-2022;1142;1783;NO;;;;;;;;;;;;;;;;;
30-01-2022;647;786;NO;;;;;;;;;;;;;;;;;
31-01-2022;3197;3679;NO;;;;;;;;;;;;;;;;;
01-02-2022;3107;3178;NO;;;;;;;;;;;;;;;;;
02-02-2022;2968;3205;NO;;;;;;;;;;;;;;;;;
03-02-2022;2820;3428;NO;;;;;;;;;;;;;;;;;
04-02-2022;2699;2838;NO;;;;;;;;;;;;;;;;;
05-02-2022;1279;1554;NO;;;;;;;;;;;;;;;;;
06-02-2022;585;682;NO;;;;;;;;;;;;;;;;;
07-02-2022;3147;3421;NO;;;;;;;;;;;;;;;;;
08-02-2022;2955;2798;NO;;;;;;;;;;;;;;;;;
09-02-2022;2560;3200;NO;;;;;;;;;;;;;;;;;
10-02-2022;2626;2912;NO;;;;;;;;;;;;;;;;;
11-02-2022;2482;2524;NO;;;;;;;;;;;;;;;;;
12-02-2022;1489;1118;NO;;;;;;;;;;;;;;;;;
13-02-2022;838;597;NO;;;;;;;;;;;;;;;;;
14-02-2022;2867;2853;NO;;;;;;;;;;;;;;;;;
15-02-2022;2720;2686;NO;;;;;;;;;;;;;;;;;
16-02-2022;2403;2547;NO;;;;;;;;;;;;;;;;;
17-02-2022;2453;3940;NO;;;;;;;;;;;;;;;;;
18-02-2022;2318;2584;NO;;;;;;;;;;;;;;;;;
19-02-2022;1392;1162;NO;;;;;;;;;;;;;;;;;
20-02-2022;841;591;NO;;;;;;;;;;;;;;;;;
21-02-2022;3042;2857;NO;;;;;;;;;;;;;;;;;
22-02-2022;2877;2527;NO;;;;;;;;;;;;;;;;;
23-02-2022;2565;2720;NO;;;;;;;;;;;;;;;;;
24-02-2022;2646;2663;NO;;;;;;;;;;;;;;;;;
25-02-2022;2538;2556;NO;;;;;;;;;;;;;;;;;
26-02-2022;1514;1642;NO;;;;;;;;;;;;;;;;;
27-02-2022;936;855;NO;;;;;;;;;;;;;;;;;
28-02-2022;3279;3646;NO;;;;;;;;;;;;;;;;;
01-03-2022;4357;3223;NO;;;;;;;;;;;;;;;;;
02-03-2022;3667;3092;NO;;;;;;;;;;;;;;;;;
03-03-2022;3750;3791;NO;;;;;;;;;;;;;;;;;
04-03-2022;3532;3128;NO;;;;;;;;;;;;;;;;;
05-03-2022;1756;1618;NO;;;;;;;;;;;;;;;;;
06-03-2022;966;810;NO;;;;;;;;;;;;;;;;;
07-03-2022;2857;3434;NO;;;;;;;;;;;;;;;;;
08-03-2022;2668;2813;NO;;;;;;;;;;;;;;;;;
09-03-2022;2559;2806;NO;;;;;;;;;;;;;;;;;
10-03-2022;2369;3861;NO;;;;;;;;;;;;;;;;;
11-03-2022;2252;2525;NO;;;;;;;;;;;;;;;;;
12-03-2022;1152;1327;NO;;;;;;;;;;;;;;;;;
13-03-2022;635;690;NO;;;;;;;;;;;;;;;;;
14-03-2022;2932;2761;NO;;;;;;;;;;;;;;;;;
15-03-2022;3182;2928;NO;;;;;;;;;;;;;;;;;
16-03-2022;2652;2836;NO;;;;;;;;;;;;;;;;;
17-03-2022;2582;2730;NO;;;;;;;;;;;;;;;;;
18-03-2022;2433;2622;NO;;;;;;;;;;;;;;;;;
19-03-2022;1234;1498;NO;;;;;;;;;;;;;;;;;
20-03-2022;712;825;NO;;;;;;;;;;;;;;;;;
21-03-2022;3330;3726;NO;;;;;;;;;;;;;;;;;
22-03-2022;3177;3117;NO;;;;;;;;;;;;;;;;;
23-03-2022;3125;3063;NO;;;;;;;;;;;;;;;;;
24-03-2022;2879;2894;NO;;;;;;;;;;;;;;;;;
25-03-2022;2856;2881;NO;;;;;;;;;;;;;;;;;
26-03-2022;1205;1672;NO;;;;;;;;;;;;;;;;;
27-03-2022;693;948;NO;;;;;;;;;;;;;;;;;
28-03-2022;4156;3614;NO;;;;;;;;;;;;;;;;;
29-03-2022;4165;3536;NO;;;;;;;;;;;;;;;;;
30-03-2022;4136;3809;NO;;;;;;;;;;;;;;;;;
31-03-2022;3910;4302;NO;;;;;;;;;;;;;;;;;
01-04-2022;2972;4217;NO;;;;;;;;;;;;;;;;;
02-04-2022;1559;2172;NO;;;;;;;;;;;;;;;;;
03-04-2022;858;1278;NO;;;;;;;;;;;;;;;;;
04-04-2022;4578;5613;NO;;;;;;;;;;;;;;;;;
05-04-2022;4052;5962;NO;;;;;;;;;;;;;;;;;
06-04-2022;4286;4733;NO;;;;;;;;;;;;;;;;;
07-04-2022;3913;4576;NO;;;;;;;;;;;;;;;;;
08-04-2022;3712;3794;NO;;;;;;;;;;;;;;;;;
09-04-2022;2179;1475;NO;;;;;;;;;;;;;;;;;
10-04-2022;1009;723;NO;;;;;;;;;;;;;;;;;
11-04-2022;4108;3439;NO;;;;;;;;;;;;;;;;;
12-04-2022;3882;2780;NO;;;;;;;;;;;;;;;;;
13-04-2022;3583;2544;NO;;;;;;;;;;;;;;;;;
14-04-2022;3582;2645;NO;;;;;;;;;;;;;;;;;
15-04-2022;2983;601;NO;;;;;;;;;;;;;;;;;
16-04-2022;1887;676;NO;;;;;;;;;;;;;;;;;
17-04-2022;950;654;NO;;;;;;;;;;;;;;;;;
18-04-2022;4092;3175;NO;;;;;;;;;;;;;;;;;
19-04-2022;3948;3053;NO;;;;;;;;;;;;;;;;;
20-04-2022;3680;2847;NO;;;;;;;;;;;;;;;;;
21-04-2022;3840;3111;NO;;;;;;;;;;;;;;;;;
22-04-2022;3401;2646;NO;;;;;;;;;;;;;;;;;
23-04-2022;1714;1765;NO;;;;;;;;;;;;;;;;;
24-04-2022;980;874;NO;;;;;;;;;;;;;;;;;
25-04-2022;4363;3313;NO;;;;;;;;;;;;;;;;;
26-04-2022;4163;2961;NO;;;;;;;;;;;;;;;;;
27-04-2022;3928;3532;NO;;;;;;;;;;;;;;;;;
28-04-2022;4099;2880;NO;;;;;;;;;;;;;;;;;
29-04-2022;3814;3203;NO;;;;;;;;;;;;;;;;;
30-04-2022;2143;1555;NO;;;;;;;;;;;;;;;;;
01-05-2022;;;NO;;;;;;;;;;;;;;;;;
02-05-2022;4236;4040;NO;;;;;;;;;;;;;;;;;
03-05-2022;4226;3322;NO;;;;;;;;;;;;;;;;;
04-05-2022;4071;3328;NO;;;;;;;;;;;;;;;;;
05-05-2022;4045;3057;NO;;;;;;;;;;;;;;;;;
06-05-2022;3404;3292;NO;;;;;;;;;;;;;;;;;
07-05-2022;1319;1497;NO;;;;;;;;;;;;;;;;;
08-05-2022;704;985;NO;;;;;;;;;;;;;;;;;
09-05-2022;4120;3358;NO;;;;;;;;;;;;;;;;;
10-05-2022;3891;2876;NO;;;;;;;;;;;;;;;;;
11-05-2022;3460;2792;NO;;;;;;;;;;;;;;;;;
12-05-2022;3659;2638;NO;;;;;;;;;;;;;;;;;
13-05-2022;3380;2064;NO;;;;;;;;;;;;;;;;;
14-05-2022;1881;1285;NO;;;;;;;;;;;;;;;;;
15-05-2022;839;726;NO;;;;;;;;;;;;;;;;;
16-05-2022;3257;2860;NO;;;;;;;;;;;;;;;;;
17-05-2022;3004;2782;NO;;;;;;;;;;;;;;;;;
18-05-2022;2684;2571;NO;;;;;;;;;;;;;;;;;
19-05-2022;2828;2813;NO;;;;;;;;;;;;;;;;;
20-05-2022;2599;2386;NO;;;;;;;;;;;;;;;;;
21-05-2022;1185;991;NO;;;;;;;;;;;;;;;;;
22-05-2022;678;683;NO;;;;;;;;;;;;;;;;;
23-05-2022;3807;3288;NO;;;;;;;;;;;;;;;;;
24-05-2022;3603;3090;NO;;;;;;;;;;;;;;;;;
25-05-2022;3313;2884;NO;;;;;;;;;;;;;;;;;
26-05-2022;3530;2706;NO;;;;;;;;;;;;;;;;;
27-05-2022;3178;3256;NO;;;;;;;;;;;;;;;;;
28-05-2022;2065;1504;NO;;;;;;;;;;;;;;;;;
29-05-2022;1460;794;NO;;;;;;;;;;;;;;;;;
30-05-2022;9967;5622;SI;;;;;;;;;;;;;;;;;
31-05-2022;10038;5537;SI;;;;;;;;;;;;;;;;;
01-06-2022;8210;5669;SI;;;;;;;;;;;;;;;;;33%
02-06-2022;4196;3904;NO;;;;;;;;;;;;;;;;;58%
03-06-2022;4043;3898;NO;;;;;;;;;;;;;;;;;58%
04-06-2022;1080;1828;NO;;;;;;;;;;;;;;;;;100%
05-06-2022;827;843;NO;;;;;;;;;;;;;;;;;100%
06-06-2022;3725;3998;NO;;;;;;;;;;;;;;;;;50%
07-06-2022;3537;3866;NO;;;;;;;;;;;;;;;;;50%
08-06-2022;3268;3392;NO;;;;;;;;;;;;;;;;;50%
09-06-2022;3324;3337;NO;;;;;;;;;;;;;;;;;58%
10-06-2022;2838;2925;NO;;;;;;;;;;;;;;;;;58%
11-06-2022;1626;1364;NO;;;;;;;;;;;;;;;;;92%
12-06-2022;803;742;NO;;;;;;;;;;;;;;;;;92%
13-06-2022;3463;3470;NO;;;;;;;;;;;;;;;;;50%
14-06-2022;3247;3145;NO;;;;;;;;;;;;;;;;;67%
15-06-2022;2923;2919;NO;;;;;;;;;;;;;;;;;58%
16-06-2022;2917;2781;NO;;;;;;;;;;;;;;;;;58%
17-06-2022;2392;2649;NO;;;;;;;;;;;;;;;;;67%
18-06-2022;1408;1456;NO;;;;;;;;;;;;;;;;;83%
19-06-2022;712;593;NO;;;;;;;;;;;;;;;;;83%
20-06-2022;3077;3192;NO;;;;;;;;;;;;;;;;;67%
21-06-2022;748;1091;NO;;;;;;;;;;;;;;;;;75%
22-06-2022;2711;3055;NO;;;;;;;;;;;;;;;;;83%
23-06-2022;2511;2790;NO;;;;;;;;;;;;;;;;;83%
24-06-2022;2244;2817;NO;;;;;;;;;;;;;;;;;58%
25-06-2022;1347;1473;NO;;;;;;;;;;;;;;;;;83%
26-06-2022;655;639;NO;;;;;;;;;;;;;;;;;92%
27-06-2022;837;943;NO;;;;;;;;;;;;;;;;;83%
28-06-2022;3221;3728;NO;;;;;;;;;;;;;;;;;58%
29-06-2022;3091;3531;NO;;;;;;;;;;;;;;;;;
30-06-2022;2827;3664;NO;;;;;;;;;;;;;;;;;
01-07-2022;2872;3349;NO;;;;;;;;;;;;;;;;;0%
02-07-2022;1294;1733;NO;;;;;;;;;;;;;;;;;0%
03-07-2022;635;800;NO;;;;;;;;;;;;;;;;;0%
04-07-2022;3988;4323;NO;;;;;;;;;;;;;;;;;43%
05-07-2022;3653;4489;NO;;;;;;;;;;;;;;;;;33%
06-07-2022;3490;3824;NO;;;;;;;;;;;;;;;;;50%
07-07-2022;3438;3747;NO;;;;;;;;;;;;;;;;;50%
08-07-2022;3156;3449;NO;;;;;;;;;;;;;;;;;67%
09-07-2022;1315;1637;NO;;;;;;;;;;;;;;;;;100%
10-07-2022;741;827;NO;;;;;;;;;;;;;;;;;100%
11-07-2022;3408;3624;NO;;;;;;;;;;;;;;;;;57%
12-07-2022;3320;3288;NO;;;;;;;;;;;;;;;;;60%
13-07-2022;3144;2407;NO;;;;;;;;;;;;;;;;;33%
14-07-2022;3100;2648;NO;;;;;;;;;;;;;;;;;67%
15-07-2022;2663;2265;NO;;;;;;;;;;;;;;;;;80%
16-07-2022;953;806;NO;;;;;;;;;;;;;;;;;67%
17-07-2022;654;561;NO;;;;;;;;;;;;;;;;;67%
18-07-2022;3392;2658;NO;;;;;;;;;;;;;;;;;71%
19-07-2022;3311;2551;NO;;;;;;;;;;;;;;;;;83%
20-07-2022;3281;2464;NO;;;;;;;;;;;;;;;;;-40%
21-07-2022;3128;2517;NO;;;;;;;;;;;;;;;;;-17%
22-07-2022;2787;2412;NO;;;;;;;;;;;;;;;;;-17%
23-07-2022;1198;1191;NO;;;;;;;;;;;;;;;;;67%
24-07-2022;595;632;NO;;;;;;;;;;;;;;;;;50%
25-07-2022;3320;3322;NO;;;;;;;;;;;;;;;;;-14%
26-07-2022;3372;3092;NO;;;;;;;;;;;;;;;;;-33%
27-07-2022;3030;2900;NO;;;;;;;;;;;;;;;;;
28-07-2022;2963;2872;NO;;;;;;;;;;;;;;;;;
29-07-2022;2877;3311;NO;;;;;;;;;;;;;;;;;
30-07-2022;1088;1409;NO;;;;;;;;;;;;;;;;;
31-07-2022;776;706;NO;;;;;;;;;;;;;;;;;
01-08-2022;3812;3411;NO;;;;;;;;;;;;;;;;;8%
02-08-2022;3704;3270;NO;;;;;;;;;;;;;;;;;-20%
03-08-2022;3538;3127;NO;;;;;;;;;;;;;;;;;-25%
04-08-2022;3385;3016;NO;;;;;;;;;;;;;;;;;0%
05-08-2022;3707;2986;NO;;;;;;;;;;;;;;;;;-9%
06-08-2022;1711;1723;NO;;;;;;;;;;;;;;;;;60%
07-08-2022;942;755;NO;;;;;;;;;;;;;;;;;75%
08-08-2022;3438;3131;NO;;;;;;;;;;;;;;;;;0%
09-08-2022;3174;2740;NO;;;;;;;;;;;;;;;;;-13%
10-08-2022;3242;2789;NO;;;;;;;;;;;;;;;;;9%
11-08-2022;3053;2535;NO;;;;;;;;;;;;;;;;;-25%
12-08-2022;2971;2369;NO;;;;;;;;;;;;;;;;;-43%
13-08-2022;1575;1147;NO;;;;;;;;;;;;;;;;;50%
14-08-2022;688;573;NO;;;;;;;;;;;;;;;;;75%
15-08-2022;1863;866;NO;;;;;;;;;;;;;;;;;50%
16-08-2022;3299;2846;NO;;;;;;;;;;;;;;;;;10%
17-08-2022;3282;2642;NO;;;;;;;;;;;;;;;;;-14%
18-08-2022;3101;2524;NO;;;;;;;;;;;;;;;;;9%
19-08-2022;3033;2468;NO;;;;;;;;;;;;;;;;;20%
20-08-2022;1524;1142;NO;;;;;;;;;;;;;;;;;71%
21-08-2022;721;537;NO;;;;;;;;;;;;;;;;;67%
22-08-2022;3631;2727;NO;;;;;;;;;;;;;;;;;25%
23-08-2022;3280;2641;NO;;;;;;;;;;;;;;;;;0%
24-08-2022;3366;2633;NO;;;;;;;;;;;;;;;;;30%
25-08-2022;3172;2536;NO;;;;;;;;;;;;;;;;;13%
26-08-2022;3053;2420;NO;;;;;;;;;;;;;;;;;11%
27-08-2022;1754;1174;NO;;;;;;;;;;;;;;;;;40%
28-08-2022;807;518;NO;;;;;;;;;;;;;;;;;75%
29-08-2022;3781;2702;NO;;;;;;;;;;;;;;;;;25%
30-08-2022;3473;2820;NO;;;;;;;;;;;;;;;;;36%
31-08-2022;3967;3769;NO;;;;;;;;;;;;;;;;;11%
01-09-2022;4125;3192;NO;;;;;;;;;;;;;;;;;
02-09-2022;3915;2550;NO;;;;;;;;;;;;;;;;;
03-09-2022;1634;1378;NO;;;;;;;;;;;;;;;;;
04-09-2022;866;387;NO;;;;;;;;;;;;;;;;;
05-09-2022;4104;3234;NO;;;;;;;;;;;;;;;;;
06-09-2022;3303;3146;NO;;;;;;;;;;;;;;;;;
07-09-2022;2971;2887;NO;;;;;;;;;;;;;;;;;
08-09-2022;2761;2743;NO;;;;;;;;;;;;;;;;;
09-09-2022;3151;2285;NO;;;;;;;;;;;;;;;;;
10-09-2022;1210;1227;NO;;;;;;;;;;;;;;;;;
11-09-2022;597;599;NO;;;;;;;;;;;;;;;;;
12-09-2022;2985;2589;NO;;;;;;;;;;;;;;;;;
13-09-2022;2828;2268;NO;;;;;;;;;;;;;;;;;
14-09-2022;2677;1230;NO;;;;;;;;;;;;;;;;;
15-09-2022;2846;1959;NO;;;;;;;;;;;;;;;;;
16-09-2022;509;860;NO;;;;;;;;;;;;;;;;;
17-09-2022;1074;546;NO;;;;;;;;;;;;;;;;;
18-09-2022;;;NO;;;;;;;;;;;;;;;;;
19-09-2022;;;NO;;;;;;;;;;;;;;;;;
20-09-2022;3032;3039;NO;;;;;;;;;;;;;;;;;
21-09-2022;2640;2747;NO;;;;;;;;;;;;;;;;;
22-09-2022;2699;2470;NO;;;;;;;;;;;;;;;;;
23-09-2022;2505;2267;NO;;;;;;;;;;;;;;;;;
24-09-2022;1106;1039;NO;;;;;;;;;;;;;;;;;
25-09-2022;572;522;NO;;;;;;;;;;;;;;;;;
26-09-2022;2828;2731;NO;;;;;;;;;;;;;;;;;
27-09-2022;2755;2602;NO;;;;;;;;;;;;;;;;;
28-09-2022;2963;2354;NO;;;;;;;;;;;;;;;;;
29-09-2022;3675;2558;NO;;;;;;;;;;;;;;;;;
30-09-2022;3782;2664;NO;;;;;;;;;;;;;;;;;
01-10-2022;1700;1439;NO;;;;;;;;;;;;;;;;;
02-10-2022;810;766;NO;;;;;;;;;;;;;;;;;
03-10-2022;6458;5082;SI;;;;;;;;;;;;;;;;;
04-10-2022;6372;5015;SI;;;;;;;;;;;;;;;;;
05-10-2022;6286;4788;SI;;;;;;;;;;;;;;;;;
06-10-2022;4126;3735;NO;;;;;;;;;;;;;;;;;
07-10-2022;3871;3276;NO;;;;;;;;;;;;;;;;;
08-10-2022;1844;1421;NO;;;;;;;;;;;;;;;;;
09-10-2022;927;658;NO;;;;;;;;;;;;;;;;;
10-10-2022;952;914;NO;;;;;;;;;;;;;;;;;
11-10-2022;3520;3444;NO;;;;;;;;;;;;;;;;;
12-10-2022;3116;3500;NO;;;;;;;;;;;;;;;;;
13-10-2022;3034;3092;NO;;;;;;;;;;;;;;;;;
14-10-2022;2918;2911;NO;;;;;;;;;;;;;;;;;
15-10-2022;1451;1740;NO;;;;;;;;;;;;;;;;;
16-10-2022;600;703;NO;;;;;;;;;;;;;;;;;
17-10-2022;3285;4282;NO;;;;;;;;;;;;;;;;;
18-10-2022;3143;2743;NO;;;;;;;;;;;;;;;;;
19-10-2022;2696;2596;NO;;;;;;;;;;;;;;;;;
20-10-2022;2572;2431;NO;;;;;;;;;;;;;;;;;
21-10-2022;2519;2338;NO;;;;;;;;;;;;;;;;;
22-10-2022;1414;1811;NO;;;;;;;;;;;;;;;;;
23-10-2022;584;668;NO;;;;;;;;;;;;;;;;;
24-10-2022;2899;2935;NO;;;;;;;;;;;;;;;;;
25-10-2022;3020;2448;NO;;;;;;;;;;;;;;;;;
26-10-2022;2844;3210;NO;;;;;;;;;;;;;;;;;
27-10-2022;2485;2828;NO;;;;;;;;;;;;;;;;;
28-10-2022;2611;3264;NO;;;;;;;;;;;;;;;;;
29-10-2022;1517;1771;NO;;;;;;;;;;;;;;;;;
30-10-2022;623;733;NO;;;;;;;;;;;;;;;;;
31-10-2022;888;838;NO;;;;;;;;;;;;;;;;;
01-11-2022;840;914;NO;;;;;;;;;;;;;;;;;
02-11-2022;3075;3698;NO;;;;;;;;;;;;;;;;;
03-11-2022;2897;3401;NO;;;;;;;;;;;;;;;;;
04-11-2022;2861;3285;NO;;;;;;;;;;;;;;;;;
05-11-2022;1546;1673;NO;;;;;;;;;;;;;;;;;
06-11-2022;619;664;NO;;;;;;;;;;;;;;;;;
07-11-2022;3335;3544;NO;;;;;;;;;;;;;;;;;
08-11-2022;3146;3316;NO;;;;;;;;;;;;;;;;;
09-11-2022;2765;2988;NO;;;;;;;;;;;;;;;;;
10-11-2022;2535;2825;NO;;;;;;;;;;;;;;;;;
11-11-2022;2431;2744;NO;;;;;;;;;;;;;;;;;
12-11-2022;1364;1350;NO;;;;;;;;;;;;;;;;;
13-11-2022;542;660;NO;;;;;;;;;;;;;;;;;
14-11-2022;2875;3032;NO;;;;;;;;;;;;;;;;;
15-11-2022;2616;3031;NO;;;;;;;;;;;;;;;;;
16-11-2022;2583;2920;NO;;;;;;;;;;;;;;;;;
17-11-2022;2331;2724;NO;;;;;;;;;;;;;;;;;
18-11-2022;2286;2718;NO;;;;;;;;;;;;;;;;;
19-11-2022;1323;1199;NO;;;;;;;;;;;;;;;;;
20-11-2022;476;667;NO;;;;;;;;;;;;;;;;;
21-11-2022;2735;3124;NO;;;;;;;;;;;;;;;;;
22-11-2022;2639;3815;NO;;;;;;;;;;;;;;;;;
23-11-2022;2855;3083;NO;;;;;;;;;;;;;;;;;
24-11-2022;2548;2820;NO;;;;;;;;;;;;;;;;;
25-11-2022;2554;3603;SI;;;;;;;;;;;;;;;;;
26-11-2022;1474;1821;SI;;;;;;;;;;;;;;;;;
27-11-2022;501;925;SI;;;;;;;;;;;;;;;;;
28-11-2022;2909;3940;NO;;;;;;;;;;;;;;;;;
29-11-2022;2921;4047;NO;;;;;;;;;;;;;;;;;
30-11-2022;3305;4178;NO;;;;;;;;;;;;;;;;;
01-12-2022;3113;4289;NO;;;;;;;;;;;;;;;;;
02-12-2022;3081;3847;NO;;;;;;;;;;;;;;;;;
03-12-2022;1649;1988;NO;;;;;;;;;;;;;;;;;
04-12-2022;713;985;NO;;;;;;;;;;;;;;;;;
05-12-2022;4248;5226;NO;;;;;;;;;;;;;;;;;
06-12-2022;3781;4218;NO;;;;;;;;;;;;;;;;;
07-12-2022;4276;3453;NO;;;;;;;;;;;;;;;;;
08-12-2022;1198;1453;NO;;;;;;;;;;;;;;;;;
09-12-2022;4044;3771;NO;;;;;;;;;;;;;;;;;
10-12-2022;1940;1973;NO;;;;;;;;;;;;;;;;;
11-12-2022;1392;918;NO;;;;;;;;;;;;;;;;;
12-12-2022;4522;4525;NO;;;;;;;;;;;;;;;;;
13-12-2022;4373;3805;NO;;;;;;;;;;;;;;;;;
14-12-2022;4187;3450;NO;;;;;;;;;;;;;;;;;
15-12-2022;4161;3746;NO;;;;;;;;;;;;;;;;;
16-12-2022;3886;3432;NO;;;;;;;;;;;;;;;;;
17-12-2022;1511;1912;NO;;;;;;;;;;;;;;;;;
18-12-2022;848;763;NO;;;;;;;;;;;;;;;;;
19-12-2022;4009;4130;NO;;;;;;;;;;;;;;;;;
20-12-2022;3867;3825;NO;;;;;;;;;;;;;;;;;
21-12-2022;3752;3740;NO;;;;;;;;;;;;;;;;;
22-12-2022;3730;3206;NO;;;;;;;;;;;;;;;;;
23-12-2022;3017;3073;NO;;;;;;;;;;;;;;;;;
24-12-2022;1482;1142;NO;;;;;;;;;;;;;;;;;
25-12-2022;;;NO;;;;;;;;;;;;;;;;;
26-12-2022;3683;3602;NO;;;;;;;;;;;;;;;;;
27-12-2022;3734;3399;NO;;;;;;;;;;;;;;;;;
28-12-2022;3783;3350;NO;;;;;;;;;;;;;;;;;
29-12-2022;4473;3194;NO;;;;;;;;;;;;;;;;;
30-12-2022;4182;4478;NO;;;;;;;;;;;;;;;;;
31-12-2022;1483;1348;NO;;;;;;;;;;;;;;;;;
01-01-2023;;;NO;;;;;;;;;;;;;;;;;
02-01-2023;948;1176;NO;;;;;;;;;;;;;;;;;
03-01-2023;3818;4168;NO;;;;;;;;;;;;;;;;;
04-01-2023;3753;1657;NO;;;;;;;;;;;;;;;;;
05-01-2023;3497;854;NO;;;;;;;;;;;;;;;;;
06-01-2023;3319;1071;NO;;;;;;;;;;;;;;;;;
07-01-2023;1755;1465;NO;;;;;;;;;;;;;;;;;
08-01-2023;709;4540;NO;;;;;;;;;;;;;;;;;
09-01-2023;3533;3845;NO;;;;;;;;;;;;;;;;;
10-01-2023;3461;3595;NO;;;;;;;;;;;;;;;;;
11-01-2023;3345;1631;NO;;;;;;;;;;;;;;;;;
12-01-2023;3229;794;NO;;;;;;;;;;;;;;;;;
13-01-2023;3137;3564;NO;;;;;;;;;;;;;;;;;
14-01-2023;1662;2872;NO;;;;;;;;;;;;;;;;;
15-01-2023;677;3160;NO;;;;;;;;;;;;;;;;;
16-01-2023;3319;2937;NO;;;;;;;;;;;;;;;;;
17-01-2023;3283;3037;NO;;;;;;;;;;;;;;;;;
18-01-2023;3250;1636;NO;;;;;;;;;;;;;;;;;
19-01-2023;3080;820;NO;;;;;;;;;;;;;;;;;
20-01-2023;2976;3566;NO;;;;;;;;;;;;;;;;;
21-01-2023;1582;3561;NO;;;;;;;;;;;;;;;;;
22-01-2023;655;3446;NO;;;;;;;;;;;;;;;;;
23-01-2023;3266;3254;NO;;;;;;;;;;;;;;;;;
24-01-2023;3236;3187;NO;;;;;;;;;;;;;;;;;
25-01-2023;3203;1685;NO;;;;;;;;;;;;;;;;;
26-01-2023;3050;806;NO;;;;;;;;;;;;;;;;;
27-01-2023;2938;3800;NO;;;;;;;;;;;;;;;;;
28-01-2023;1483;4506;NO;;;;;;;;;;;;;;;;;
29-01-2023;641;663;NO;;;;;;;;;;;;;;;;;
30-01-2023;3708;4230;NO;;;;;;;;;;;;;;;;;
31-01-2023;3834;4898;NO;;;;;;;;;;;;;;;;;
01-02-2023;3727;5337;NO;;;;;;;;;;;;;;;;;
02-02-2023;3503;4830;NO;;;;;;;;;;;;;;;;;
03-02-2023;3479;4168;NO;;;;;;;;;;;;;;;;;
04-02-2023;1723;1657;NO;;;;;;;;;;;;;;;;;
05-02-2023;628;854;NO;;;;;;;;;;;;;;;;;
06-02-2023;4206;1071;NO;;;;;;;;;;;;;;;;;
07-02-2023;3944;1465;NO;;;;;;;;;;;;;;;;;
08-02-2023;3847;4540;NO;;;;;;;;;;;;;;;;;
09-02-2023;3594;3845;NO;;;;;;;;;;;;;;;;;
10-02-2023;3621;3595;NO;;;;;;;;;;;;;;;;;
11-02-2023;1859;1631;NO;;;;;;;;;;;;;;;;;
12-02-2023;813;794;NO;;;;;;;;;;;;;;;;;
13-02-2023;3360;3564;NO;;;;;;;;;;;;;;;;;
14-02-2023;3150;2872;NO;;;;;;;;;;;;;;;;;
15-02-2023;3073;3160;NO;;;;;;;;;;;;;;;;;
16-02-2023;2869;2937;NO;;;;;;;;;;;;;;;;;
17-02-2023;2893;3037;NO;;;;;;;;;;;;;;;;;
18-02-2023;1486;1636;NO;;;;;;;;;;;;;;;;;
19-02-2023;649;820;NO;;;;;;;;;;;;;;;;;
20-02-2023;3218;3566;NO;;;;;;;;;;;;;;;;;
21-02-2023;3021;3561;NO;;;;;;;;;;;;;;;;;
22-02-2023;2946;3446;NO;;;;;;;;;;;;;;;;;
23-02-2023;2750;3254;NO;;;;;;;;;;;;;;;;;
24-02-2023;2773;3187;NO;;;;;;;;;;;;;;;;;
25-02-2023;1424;1685;NO;;;;;;;;;;;;;;;;;
26-02-2023;620;806;NO;;;;;;;;;;;;;;;;;
27-02-2023;3641;3800;NO;;;;;;;;;;;;;;;;;
28-02-2023;3419;4506;NO;;;;;;;;;;;;;;;;;
01-03-2023;4989;4561;NO;;;;;;;;;;;;;;;;;
02-03-2023;4563;4261;NO;;;;;;;;;;;;;;;;;
03-03-2023;3955;4032;NO;;;;;;;;;;;;;;;;;
04-03-2023;1898;2097;NO;;;;;;;;;;;;;;;;;
05-03-2023;947;967;NO;;;;;;;;;;;;;;;;;
06-03-2023;3587;4701;NO;;;;;;;;;;;;;;;;;
07-03-2023;3486;4702;NO;;;;;;;;;;;;;;;;;
08-03-2023;3309;4018;NO;;;;;;;;;;;;;;;;;
09-03-2023;3053;4038;NO;;;;;;;;;;;;;;;;;
10-03-2023;3032;3983;NO;;;;;;;;;;;;;;;;;
11-03-2023;1362;1845;NO;;;;;;;;;;;;;;;;;
12-03-2023;735;713;NO;;;;;;;;;;;;;;;;;
13-03-2023;3494;3781;NO;;;;;;;;;;;;;;;;;
14-03-2023;3393;3374;NO;;;;;;;;;;;;;;;;;
15-03-2023;3248;3327;NO;;;;;;;;;;;;;;;;;
16-03-2023;2918;3208;NO;;;;;;;;;;;;;;;;;
17-03-2023;2852;3108;NO;;;;;;;;;;;;;;;;;
18-03-2023;1314;1604;NO;;;;;;;;;;;;;;;;;
19-03-2023;741;808;NO;;;;;;;;;;;;;;;;;
20-03-2023;3436;3479;NO;;;;;;;;;;;;;;;;;
21-03-2023;3360;3470;NO;;;;;;;;;;;;;;;;;
22-03-2023;3168;3013;NO;;;;;;;;;;;;;;;;;
23-03-2023;2825;3024;NO;;;;;;;;;;;;;;;;;
24-03-2023;2786;3095;NO;;;;;;;;;;;;;;;;;
25-03-2023;1476;1530;NO;;;;;;;;;;;;;;;;;
26-03-2023;657;651;NO;;;;;;;;;;;;;;;;;
27-03-2023;4509;3135;NO;;;;;;;;;;;;;;;;;
28-03-2023;4678;2855;NO;;;;;;;;;;;;;;;;;
29-03-2023;4018;3327;NO;;;;;;;;;;;;;;;;;
30-03-2023;4040;3434;NO;;;;;;;;;;;;;;;;;
31-03-2023;4229;3982;NO;;;;;;;;;;;;;;;;;
01-04-2023;1580;2060;NO;;;;;;;;;;;;;;;;;
02-04-2023;782;1006;NO;;;;;;;;;;;;;;;;;
03-04-2023;4794;4252;NO;;;;;;;;;;;;;;;;;
04-04-2023;4771;4012;NO;;;;;;;;;;;;;;;;;
05-04-2023;4887;3750;NO;;;;;;;;;;;;;;;;;
06-04-2023;4740;3260;NO;;;;;;;;;;;;;;;;;
07-04-2023;1355;736;NO;;;;;;;;;;;;;;;;;
08-04-2023;1107;862;NO;;;;;;;;;;;;;;;;;
09-04-2023;788;523;NO;;;;;;;;;;;;;;;;;
10-04-2023;3594;3920;NO;;;;;;;;;;;;;;;;;
11-04-2023;3471;3323;NO;;;;;;;;;;;;;;;;;
12-04-2023;3387;3056;NO;;;;;;;;;;;;;;;;;
13-04-2023;3240;3020;NO;;;;;;;;;;;;;;;;;
14-04-2023;3140;5271;NO;;;;;;;;;;;;;;;;;
15-04-2023;1447;1570;NO;;;;;;;;;;;;;;;;;
16-04-2023;897;674;NO;;;;;;;;;;;;;;;;;
17-04-2023;3594;3284;NO;;;;;;;;;;;;;;;;;
18-04-2023;3401;2935;NO;;;;;;;;;;;;;;;;;
19-04-2023;3372;3164;NO;;;;;;;;;;;;;;;;;
20-04-2023;3339;3045;NO;;;;;;;;;;;;;;;;;
21-04-2023;3294;3024;NO;;;;;;;;;;;;;;;;;
22-04-2023;1565;1588;NO;;;;;;;;;;;;;;;;;
23-04-2023;886;708;NO;;;;;;;;;;;;;;;;;
24-04-2023;3526;3250;NO;;;;;;;;;;;;;;;;;
25-04-2023;3470;3057;NO;;;;;;;;;;;;;;;;;
26-04-2023;3688;3367;NO;;;;;;;;;;;;;;;;;
27-04-2023;3739;2937;NO;;;;;;;;;;;;;;;;;
28-04-2023;3840;3593;NO;;;;;;;;;;;;;;;;;
29-04-2023;1568;1913;NO;;;;;;;;;;;;;;;;;
30-04-2023;786;932;NO;;;;;;;;;;;;;;;;;
01-05-2023;;;NO;;;;;;;;;;;;;;;;;
02-05-2023;3746;4796;NO;;;;;;;;;;;;;;;;;
03-05-2023;3510;3817;NO;;;;;;;;;;;;;;;;;
04-05-2023;3310;3515;NO;;;;;;;;;;;;;;;;;
05-05-2023;3633;3603;NO;;;;;;;;;;;;;;;;;
06-05-2023;1212;2254;NO;;;;;;;;;;;;;;;;;
07-05-2023;479;598;NO;;;;;;;;;;;;;;;;;
08-05-2023;3667;3798;NO;;;;;;;;;;;;;;;;;
09-05-2023;3284;3406;NO;;;;;;;;;;;;;;;;;
10-05-2023;3261;3204;NO;;;;;;;;;;;;;;;;;
11-05-2023;3216;2886;NO;;;;;;;;;;;;;;;;;
12-05-2023;3145;2734;NO;;;;;;;;;;;;;;;;;
13-05-2023;1102;1302;NO;;;;;;;;;;;;;;;;;
14-05-2023;729;394;NO;;;;;;;;;;;;;;;;;
15-05-2023;3347;2895;NO;;;;;;;;;;;;;;;;;
16-05-2023;3355;2689;NO;;;;;;;;;;;;;;;;;
17-05-2023;3307;2557;NO;;;;;;;;;;;;;;;;;
18-05-2023;2883;2793;NO;;;;;;;;;;;;;;;;;
19-05-2023;2826;2508;NO;;;;;;;;;;;;;;;;;
20-05-2023;1192;1259;NO;;;;;;;;;;;;;;;;;
21-05-2023;778;608;NO;;;;;;;;;;;;;;;;;
22-05-2023;3425;2437;NO;;;;;;;;;;;;;;;;;
23-05-2023;3367;2488;NO;;;;;;;;;;;;;;;;;
24-05-2023;3361;2475;NO;;;;;;;;;;;;;;;;;
25-05-2023;3183;2576;NO;;;;;;;;;;;;;;;;;
26-05-2023;3041;2600;NO;;;;;;;;;;;;;;;;;
27-05-2023;1294;1340;NO;;;;;;;;;;;;;;;;;
28-05-2023;842;648;NO;;;;;;;;;;;;;;;;;
29-05-2023;5215;4863;SI;;;;;;;;;;;;;;;;;
30-05-2023;5139;5334;SI;;;;;;;;;;;;;;;;;
31-05-2023;5005;5874;SI;;;;;;;;;;;;;;;;;
01-06-2023;3648;4200;NO;;;;;;;;;;;;;;;;;
02-06-2023;3845;3514;NO;;;;;;;;;;;;;;;;;
03-06-2023;1396;1779;NO;;;;;;;;;;;;;;;;;
04-06-2023;735;766;NO;;;;;;;;;;;;;;;;;
05-06-2023;3922;4092;NO;;;;;;;;;;;;;;;;;
06-06-2023;3813;3345;NO;;;;;;;;;;;;;;;;;
07-06-2023;3517;3163;NO;;;;;;;;;;;;;;;;;
08-06-2023;3169;2835;NO;;;;;;;;;;;;;;;;;
09-06-2023;2967;3168;NO;;;;;;;;;;;;;;;;;
10-06-2023;1658;1377;NO;;;;;;;;;;;;;;;;;
11-06-2023;660;567;NO;;;;;;;;;;;;;;;;;
12-06-2023;3686;3031;NO;;;;;;;;;;;;;;;;;
13-06-2023;3463;3032;NO;;;;;;;;;;;;;;;;;
14-06-2023;3213;2517;NO;;;;;;;;;;;;;;;;;
15-06-2023;2993;2593;NO;;;;;;;;;;;;;;;;;
16-06-2023;2871;2281;NO;;;;;;;;;;;;;;;;;
17-06-2023;1674;1124;NO;;;;;;;;;;;;;;;;;
18-06-2023;671;556;NO;;;;;;;;;;;;;;;;;
19-06-2023;3305;2771;NO;;;;;;;;;;;;;;;;;
20-06-2023;3103;2374;NO;;;;;;;;;;;;;;;;;
21-06-2023;2139;1081;NO;;;;;;;;;;;;;;;;;
22-06-2023;3035;2708;NO;;;;;;;;;;;;;;;;;
23-06-2023;2937;2472;NO;;;;;;;;;;;;;;;;;
24-06-2023;1587;1075;NO;;;;;;;;;;;;;;;;;
25-06-2023;813;552;NO;;;;;;;;;;;;;;;;;
26-06-2023;2273;854;NO;;;;;;;;;;;;;;;;;
27-06-2023;3175;2921;NO;;;;;;;;;;;;;;;;;
28-06-2023;3147;2789;NO;;;;;;;;;;;;;;;;;
29-06-2023;3085;2850;NO;;;;;;;;;;;;;;;;;
30-06-2023;3455;3573;NO;;;;;;;;;;;;;;;;;
01-07-2023;1655;1681;NO;;;;;;;;;;;;;;;;;
02-07-2023;659;694;NO;;;;;;;;;;;;;;;;;
03-07-2023;3844;4101;NO;;;;;;;;;;;;;;;;;
04-07-2023;3660;3387;NO;;;;;;;;;;;;;;;;;
05-07-2023;3590;3489;NO;;;;;;;;;;;;;;;;;
06-07-2023;3131;3159;NO;;;;;;;;;;;;;;;;;
07-07-2023;2940;2797;NO;;;;;;;;;;;;;;;;;
08-07-2023;1489;1325;NO;;;;;;;;;;;;;;;;;
09-07-2023;712;576;NO;;;;;;;;;;;;;;;;;
10-07-2023;3269;3101;NO;;;;;;;;;;;;;;;;;
11-07-2023;3018;2948;NO;;;;;;;;;;;;;;;;;
12-07-2023;2872;2852;NO;;;;;;;;;;;;;;;;;
13-07-2023;2715;2461;NO;;;;;;;;;;;;;;;;;
14-07-2023;2425;2590;NO;;;;;;;;;;;;;;;;;
15-07-2023;2090;1187;NO;;;;;;;;;;;;;;;;;
16-07-2023;978;534;NO;;;;;;;;;;;;;;;;;
17-07-2023;3580;2849;NO;;;;;;;;;;;;;;;;;
18-07-2023;3167;2703;NO;;;;;;;;;;;;;;;;;
19-07-2023;2790;2782;NO;;;;;;;;;;;;;;;;;
20-07-2023;2769;2554;NO;;;;;;;;;;;;;;;;;
21-07-2023;2446;5306;NO;;;;;;;;;;;;;;;;;
22-07-2023;1794;1578;NO;;;;;;;;;;;;;;;;;
23-07-2023;870;649;NO;;;;;;;;;;;;;;;;;
24-07-2023;3666;3041;NO;;;;;;;;;;;;;;;;;
25-07-2023;3398;2690;NO;;;;;;;;;;;;;;;;;
26-07-2023;3186;2661;NO;;;;;;;;;;;;;;;;;
27-07-2023;3063;2775;NO;;;;;;;;;;;;;;;;;
28-07-2023;2990;3260;NO;;;;;;;;;;;;;;;;;
29-07-2023;1798;1389;NO;;;;;;;;;;;;;;;;;
30-07-2023;852;714;NO;;;;;;;;;;;;;;;;;
31-07-2023;4361;3956;NO;;;;;;;;;;;;;;;;;
01-08-2023;4228;3423;NO;;;;;;;;;;;;;;;;;
02-08-2023;4014;3316;NO;;;;;;;;;;;;;;;;;
03-08-2023;3715;3213;NO;;;;;;;;;;;;;;;;;
04-08-2023;3572;2690;NO;;;;;;;;;;;;;;;;;
05-08-2023;1410;1493;NO;;;;;;;;;;;;;;;;;
06-08-2023;623;757;NO;;;;;;;;;;;;;;;;;
07-08-2023;2964;3408;NO;;;;;;;;;;;;;;;;;
08-08-2023;2635;3058;NO;;;;;;;;;;;;;;;;;
09-08-2023;2662;2820;NO;;;;;;;;;;;;;;;;;
10-08-2023;2595;2808;NO;;;;;;;;;;;;;;;;;
11-08-2023;2557;2466;NO;;;;;;;;;;;;;;;;;
12-08-2023;1144;1299;NO;;;;;;;;;;;;;;;;;
13-08-2023;554;518;NO;;;;;;;;;;;;;;;;;
14-08-2023;3033;2680;NO;;;;;;;;;;;;;;;;;
15-08-2023;1747;1043;NO;;;;;;;;;;;;;;;;;
16-08-2023;2677;2740;NO;;;;;;;;;;;;;;;;;
17-08-2023;2598;2664;NO;;;;;;;;;;;;;;;;;
18-08-2023;2604;2453;NO;;;;;;;;;;;;;;;;;
19-08-2023;1256;1123;NO;;;;;;;;;;;;;;;;;
20-08-2023;525;572;NO;;;;;;;;;;;;;;;;;
21-08-2023;2898;2868;NO;;;;;;;;;;;;;;;;;
22-08-2023;2782;2450;NO;;;;;;;;;;;;;;;;;
23-08-2023;2681;2773;NO;;;;;;;;;;;;;;;;;
24-08-2023;2607;2865;NO;;;;;;;;;;;;;;;;;
25-08-2023;2653;2813;NO;;;;;;;;;;;;;;;;;
26-08-2023;1202;1222;NO;;;;;;;;;;;;;;;;;
27-08-2023;559;587;NO;;;;;;;;;;;;;;;;;
28-08-2023;3039;2950;NO;;;;;;;;;;;;;;;;;
29-08-2023;2867;2710;NO;;;;;;;;;;;;;;;;;
30-08-2023;2787;2968;NO;;;;;;;;;;;;;;;;;
31-08-2023;3010;3350;NO;;;;;;;;;;;;;;;;;
01-09-2023;2919;3112;NO;;;;;;;;;;;;;;;;;
02-09-2023;1211;1526;NO;;;;;;;;;;;;;;;;;
03-09-2023;601;767;NO;;;;;;;;;;;;;;;;;
04-09-2023;3415;3557;NO;;;;;;;;;;;;;;;;;
05-09-2023;3390;3477;NO;;;;;;;;;;;;;;;;;
06-09-2023;2944;3465;NO;;;;;;;;;;;;;;;;;
07-09-2023;2754;2961;NO;;;;;;;;;;;;;;;;;
08-09-2023;2125;2680;NO;;;;;;;;;;;;;;;;;
09-09-2023;1469;1144;NO;;;;;;;;;;;;;;;;;
10-09-2023;633;560;NO;;;;;;;;;;;;;;;;;
11-09-2023;3446;2866;NO;;;;;;;;;;;;;;;;;
12-09-2023;3121;2406;NO;;;;;;;;;;;;;;;;;
13-09-2023;2771;2388;NO;;;;;;;;;;;;;;;;;
14-09-2023;2584;2210;NO;;;;;;;;;;;;;;;;;
15-09-2023;2347;2104;NO;;;;;;;;;;;;;;;;;
16-09-2023;1478;1000;NO;;;;;;;;;;;;;;;;;
17-09-2023;639;476;NO;;;;;;;;;;;;;;;;;
18-09-2023;;;NO;;;;;;;;;;;;;;;;;
19-09-2023;;;NO;;;;;;;;;;;;;;;;;
20-09-2023;2867;3691;NO;;;;;;;;;;;;;;;;;
21-09-2023;2787;3167;NO;;;;;;;;;;;;;;;;;
22-09-2023;2107;2645;NO;;;;;;;;;;;;;;;;;
23-09-2023;1457;1480;NO;;;;;;;;;;;;;;;;;
24-09-2023;630;557;NO;;;;;;;;;;;;;;;;;
25-09-2023;3094;2726;NO;;;;;;;;;;;;;;;;;
26-09-2023;2966;2712;NO;;;;;;;;;;;;;;;;;
27-09-2023;2821;2750;NO;;;;;;;;;;;;;;;;;
28-09-2023;2733;2692;NO;;;;;;;;;;;;;;;;;
29-09-2023;2493;3017;NO;;;;;;;;;;;;;;;;;
30-09-2023;1459;1544;NO;;;;;;;;;;;;;;;;;
01-10-2023;626;1072;NO;;;;;;;;;;;;;;;;;
02-10-2023;6006;5513;SI;;;;;;;;;;;;;;;;;
03-10-2023;6137;5054;SI;;;;;;;;;;;;;;;;;
04-10-2023;5741;5008;SI;;;;;;;;;;;;;;;;;
05-10-2023;3498;3707;NO;;;;;;;;;;;;;;;;;
06-10-2023;3184;3056;NO;;;;;;;;;;;;;;;;;
07-10-2023;1398;1637;NO;;;;;;;;;;;;;;;;;
08-10-2023;483;614;NO;;;;;;;;;;;;;;;;;
09-10-2023;1645;929;NO;;;;;;;;;;;;;;;;;
10-10-2023;3024;3522;NO;;;;;;;;;;;;;;;;;
11-10-2023;2995;3349;NO;;;;;;;;;;;;;;;;;
12-10-2023;3032;2887;NO;;;;;;;;;;;;;;;;;
13-10-2023;3122;3016;NO;;;;;;;;;;;;;;;;;
14-10-2023;1402;1548;NO;;;;;;;;;;;;;;;;;
15-10-2023;458;598;NO;;;;;;;;;;;;;;;;;
16-10-2023;3402;2913;NO;;;;;;;;;;;;;;;;;
17-10-2023;3113;2495;NO;;;;;;;;;;;;;;;;;
18-10-2023;3091;2722;NO;;;;;;;;;;;;;;;;;
19-10-2023;3125;2379;NO;;;;;;;;;;;;;;;;;
20-10-2023;3223;2490;NO;;;;;;;;;;;;;;;;;
21-10-2023;1465;1209;NO;;;;;;;;;;;;;;;;;
22-10-2023;469;583;NO;;;;;;;;;;;;;;;;;
23-10-2023;3396;2720;NO;;;;;;;;;;;;;;;;;
24-10-2023;3027;2699;SI;;;;;;;;;;;;;;;;;
25-10-2023;3003;3165;SI;;;;;;;;;;;;;;;;;
26-10-2023;2892;2782;SI;;;;;;;;;;;;;;;;;
27-10-2023;1282;1067;SI;;;;;;;;;;;;;;;;;
28-10-2023;1334;1144;NO;;;;;;;;;;;;;;;;;
29-10-2023;437;577;NO;;;;;;;;;;;;;;;;;
30-10-2023;3319;3027;NO;;;;;;;;;;;;;;;;;
31-10-2023;3061;2953;NO;;;;;;;;;;;;;;;;;
01-11-2023;1697;1702;NO;;;;;;;;;;;;;;;;;
02-11-2023;2974;3653;NO;;;;;;;;;;;;;;;;;
03-11-2023;3086;3053;NO;;;;;;;;;;;;;;;;;
04-11-2023;1468;1637;NO;;;;;;;;;;;;;;;;;
05-11-2023;436;809;NO;;;;;;;;;;;;;;;;;
06-11-2023;3483;3960;NO;;;;;;;;;;;;;;;;;
07-11-2023;3083;3112;NO;;;;;;;;;;;;;;;;;
08-11-2023;3375;3584;NO;;;;;;;;;;;;;;;;;
09-11-2023;3373;2927;NO;;;;;;;;;;;;;;;;;
10-11-2023;3214;2478;NO;;;;;;;;;;;;;;;;;
11-11-2023;1703;1230;NO;;;;;;;;;;;;;;;;;
12-11-2023;635;576;NO;;;;;;;;;;;;;;;;;
13-11-2023;3437;2987;NO;;;;;;;;;;;;;;;;;
14-11-2023;3044;2613;NO;;;;;;;;;;;;;;;;;
15-11-2023;3327;3471;NO;;;;;;;;;;;;;;;;;
16-11-2023;3324;2910;NO;;;;;;;;;;;;;;;;;
17-11-2023;3168;2488;NO;;;;;;;;;;;;;;;;;
18-11-2023;1673;1235;NO;;;;;;;;;;;;;;;;;
19-11-2023;630;634;NO;;;;;;;;;;;;;;;;;
20-11-2023;3702;2892;NO;;;;;;;;;;;;;;;;;
21-11-2023;3272;2616;NO;;;;;;;;;;;;;;;;;
22-11-2023;3590;2833;NO;;;;;;;;;;;;;;;;;
23-11-2023;3593;3075;NO;;;;;;;;;;;;;;;;;
24-11-2023;3419;3416;NO;;;;;;;;;;;;;;;;;
25-11-2023;1822;1967;NO;;;;;;;;;;;;;;;;;
26-11-2023;667;1050;NO;;;;;;;;;;;;;;;;;
27-11-2023;3323;3927;NO;;;;;;;;;;;;;;;;;
28-11-2023;2946;3337;NO;;;;;;;;;;;;;;;;;
29-11-2023;3213;3115;NO;;;;;;;;;;;;;;;;;
30-11-2023;3207;4313;NO;;;;;;;;;;;;;;;;;
01-12-2023;3059;3396;NO;;;;;;;;;;;;;;;;;
02-12-2023;1608;1812;NO;;;;;;;;;;;;;;;;;
03-12-2023;614;804;NO;;;;;;;;;;;;;;;;;
04-12-2023;3808;3659;NO;;;;;;;;;;;;;;;;;
05-12-2023;3606;3521;NO;;;;;;;;;;;;;;;;;
06-12-2023;3911;3230;NO;;;;;;;;;;;;;;;;;
07-12-2023;4099;2826;NO;;;;;;;;;;;;;;;;;
08-12-2023;2301;1113;NO;;;;;;;;;;;;;;;;;
09-12-2023;1981;1356;NO;;;;;;;;;;;;;;;;;
10-12-2023;811;709;NO;;;;;;;;;;;;;;;;;
11-12-2023;3809;3327;NO;;;;;;;;;;;;;;;;;
12-12-2023;3609;2871;NO;;;;;;;;;;;;;;;;;
13-12-2023;3912;2853;NO;;;;;;;;;;;;;;;;;
14-12-2023;4099;2468;NO;;;;;;;;;;;;;;;;;
15-12-2023;3691;2643;NO;;;;;;;;;;;;;;;;;
16-12-2023;1376;1526;NO;;;;;;;;;;;;;;;;;
17-12-2023;696;608;NO;;;;;;;;;;;;;;;;;
18-12-2023;3762;3588;NO;;;;;;;;;;;;;;;;;
19-12-2023;3559;3040;NO;;;;;;;;;;;;;;;;;
20-12-2023;3862;2869;NO;;;;;;;;;;;;;;;;;
21-12-2023;4052;2759;NO;;;;;;;;;;;;;;;;;
22-12-2023;3644;2434;NO;;;;;;;;;;;;;;;;;
23-12-2023;1595;1351;NO;;;;;;;;;;;;;;;;;
24-12-2023;345;523;NO;;;;;;;;;;;;;;;;;
25-12-2023;;;NO;;;;;;;;;;;;;;;;;
26-12-2023;3620;2832;NO;;;;;;;;;;;;;;;;;
27-12-2023;3925;2739;NO;;;;;;;;;;;;;;;;;
28-12-2023;4116;2680;NO;;;;;;;;;;;;;;;;;
29-12-2023;3704;2799;NO;;;;;;;;;;;;;;;;;
30-12-2023;1984;1417;NO;;;;;;;;;;;;;;;;;
31-12-2023;259;529;NO;;;;;;;;;;;;;;;;;
01-01-2024;;;NO;;;;;;;;;;;;;;;;;
02-01-2024;3872;3371;NO;;;;;;;;;;;;;;;;;
03-01-2024;3955;3062;NO;;;;;;;;;;;;;;;;;
04-01-2024;3916;3024;NO;;;;;;;;;;;;;;;;;
05-01-2024;3517;3887;NO;;;;;;;;;;;;;;;;;
06-01-2024;1967;1433;NO;;;;;;;;;;;;;;;;;
07-01-2024;891;440;NO;;;;;;;;;;;;;;;;;
08-01-2024;3158;3100;NO;;;;;;;;;;;;;;;;;
09-01-2024;3023;2678;NO;;;;;;;;;;;;;;;;;
10-01-2024;3110;2721;NO;;;;;;;;;;;;;;;;;
11-01-2024;2991;2394;NO;;;;;;;;;;;;;;;;;
12-01-2024;2634;2029;NO;;;;;;;;;;;;;;;;;
13-01-2024;1510;1107;NO;;;;;;;;;;;;;;;;;
14-01-2024;728;464;NO;;;;;;;;;;;;;;;;;
15-01-2024;2952;2780;NO;;;;;;;;;;;;;;;;;
16-01-2024;2784;2273;NO;;;;;;;;;;;;;;;;;
17-01-2024;2903;2130;NO;;;;;;;;;;;;;;;;;
18-01-2024;2846;2615;NO;;;;;;;;;;;;;;;;;
19-01-2024;2507;2283;NO;;;;;;;;;;;;;;;;;
20-01-2024;1416;1038;NO;;;;;;;;;;;;;;;;;
21-01-2024;703;494;NO;;;;;;;;;;;;;;;;;
22-01-2024;3301;2935;NO;;;;;;;;;;;;;;;;;
23-01-2024;3179;2482;NO;;;;;;;;;;;;;;;;;
24-01-2024;3254;3067;NO;;;;;;;;;;;;;;;;;
25-01-2024;3177;2378;NO;;;;;;;;;;;;;;;;;
26-01-2024;2777;2245;NO;;;;;;;;;;;;;;;;;
27-01-2024;1567;1300;NO;;;;;;;;;;;;;;;;;
28-01-2024;751;512;NO;;;;;;;;;;;;;;;;;
29-01-2024;4548;3191;NO;;;;;;;;;;;;;;;;;
30-01-2024;4699;3661;NO;;;;;;;;;;;;;;;;;
31-01-2024;4856;3977;NO;;;;;;;;;;;;;;;;;
01-02-2024;2265;3432;NO;;;;;;;;;;;;;;;;;
02-02-2024;3306;2807;NO;;;;;;;;;;;;;;;;;
03-02-2024;1762;1362;NO;;;;;;;;;;;;;;;;;
04-02-2024;857;499;NO;;;;;;;;;;;;;;;;;
05-02-2024;3374;3478;NO;;;;;;;;;;;;;;;;;
06-02-2024;3002;2904;NO;;;;;;;;;;;;;;;;;
07-02-2024;3013;2738;NO;;;;;;;;;;;;;;;;;
08-02-2024;2958;2409;NO;;;;;;;;;;;;;;;;;
09-02-2024;2538;2133;NO;;;;;;;;;;;;;;;;;
10-02-2024;1907;1082;NO;;;;;;;;;;;;;;;;;
11-02-2024;826;403;NO;;;;;;;;;;;;;;;;;
12-02-2024;3206;2555;NO;;;;;;;;;;;;;;;;;
13-02-2024;2917;2245;NO;;;;;;;;;;;;;;;;;
14-02-2024;3091;2041;NO;;;;;;;;;;;;;;;;;
15-02-2024;3018;2164;NO;;;;;;;;;;;;;;;;;
16-02-2024;2553;2066;NO;;;;;;;;;;;;;;;;;
17-02-2024;1631;1001;NO;;;;;;;;;;;;;;;;;
18-02-2024;717;405;NO;;;;;;;;;;;;;;;;;
19-02-2024;3214;2389;NO;;;;;;;;;;;;;;;;;
20-02-2024;2881;2261;NO;;;;;;;;;;;;;;;;;
21-02-2024;3073;2154;NO;;;;;;;;;;;;;;;;;
22-02-2024;2984;1994;NO;;;;;;;;;;;;;;;;;
23-02-2024;2549;2030;NO;;;;;;;;;;;;;;;;;
24-02-2024;1722;1013;NO;;;;;;;;;;;;;;;;;
25-02-2024;671;455;NO;;;;;;;;;;;;;;;;;
26-02-2024;3287;2371;NO;;;;;;;;;;;;;;;;;
27-02-2024;3001;2578;NO;;;;;;;;;;;;;;;;;
28-02-2024;3113;2334;NO;;;;;;;;;;;;;;;;;
29-02-2024;3896;3000;NO;;;;;;;;;;;;;;;;;
01-03-2024;3842;2588;NO;;;;;;;;;;;;;;;;;
02-03-2024;1782;1668;NO;;;;;;;;;;;;;;;;;
03-03-2024;1010;621;NO;;;;;;;;;;;;;;;;;
04-03-2024;3405;3598;NO;;;;;;;;;;;;;;;;;
05-03-2024;3549;3453;NO;;;;;;;;;;;;;;;;;
06-03-2024;3480;3304;NO;;;;;;;;;;;;;;;;;
07-03-2024;3483;2715;NO;;;;;;;;;;;;;;;;;
08-03-2024;3095;2539;NO;;;;;;;;;;;;;;;;;
09-03-2024;1625;1419;NO;;;;;;;;;;;;;;;;;
10-03-2024;732;622;NO;;;;;;;;;;;;;;;;;
11-03-2024;3542;2618;NO;;;;;;;;;;;;;;;;;
12-03-2024;3503;2294;NO;;;;;;;;;;;;;;;;;
13-03-2024;3476;2724;NO;;;;;;;;;;;;;;;;;
14-03-2024;3478;2250;NO;;;;;;;;;;;;;;;;;
15-03-2024;3089;2065;NO;;;;;;;;;;;;;;;;;
16-03-2024;1612;1168;NO;;;;;;;;;;;;;;;;;
17-03-2024;729;464;NO;;;;;;;;;;;;;;;;;
18-03-2024;3511;2422;NO;;;;;;;;;;;;;;;;;
19-03-2024;3471;2246;NO;;;;;;;;;;;;;;;;;
20-03-2024;3443;2193;NO;;;;;;;;;;;;;;;;;
21-03-2024;3446;2212;NO;;;;;;;;;;;;;;;;;
22-03-2024;3062;2038;NO;;;;;;;;;;;;;;;;;
23-03-2024;1606;1152;NO;;;;;;;;;;;;;;;;;
24-03-2024;723;523;NO;;;;;;;;;;;;;;;;;
25-03-2024;3539;2513;NO;;;;;;;;;;;;;;;;;
26-03-2024;3502;2505;NO;;;;;;;;;;;;;;;;;
27-03-2024;3471;2483;NO;;;;;;;;;;;;;;;;;
28-03-2024;3471;3095;NO;;;;;;;;;;;;;;;;;
29-03-2024;3085;837;NO;;;;;;;;;;;;;;;;;
30-03-2024;1617;780;NO;;;;;;;;;;;;;;;;;
31-03-2024;730;588;NO;;;;;;;;;;;;;;;;;
01-04-2024;3744;4156;NO;;;;;;;;;;;;;;;;;
02-04-2024;3678;3401;NO;;;;;;;;;;;;;;;;;
03-04-2024;2610;3108;NO;;;;;;;;;;;;;;;;;
04-04-2024;2776;2942;NO;;;;;;;;;;;;;;;;;
05-04-2024;2974;3034;NO;;;;;;;;;;;;;;;;;
06-04-2024;1062;1670;NO;;;;;;;;;;;;;;;;;
07-04-2024;716;706;NO;;;;;;;;;;;;;;;;;
08-04-2024;3423;3127;NO;;;;;;;;;;;;;;;;;
09-04-2024;3080;2738;NO;;;;;;;;;;;;;;;;;
10-04-2024;2916;2587;NO;;;;;;;;;;;;;;;;;
11-04-2024;2753;2226;NO;;;;;;;;;;;;;;;;;
12-04-2024;2295;1811;NO;;;;;;;;;;;;;;;;;
13-04-2024;1484;1033;NO;;;;;;;;;;;;;;;;;
14-04-2024;417;452;NO;;;;;;;;;;;;;;;;;
15-04-2024;2953;2287;NO;;;;;;;;;;;;;;;;;
16-04-2024;2888;2032;NO;;;;;;;;;;;;;;;;;
17-04-2024;2638;2065;NO;;;;;;;;;;;;;;;;;
18-04-2024;2593;1964;NO;;;;;;;;;;;;;;;;;
19-04-2024;2465;2098;NO;;;;;;;;;;;;;;;;;
20-04-2024;1266;1048;NO;;;;;;;;;;;;;;;;;
21-04-2024;504;469;NO;;;;;;;;;;;;;;;;;
22-04-2024;3096;2364;NO;;;;;;;;;;;;;;;;;
23-04-2024;2973;2140;NO;;;;;;;;;;;;;;;;;
24-04-2024;2625;2066;NO;;;;;;;;;;;;;;;;;
25-04-2024;2468;1897;NO;;;;;;;;;;;;;;;;;
26-04-2024;2445;2139;NO;;;;;;;;;;;;;;;;;
27-04-2024;1075;1150;NO;;;;;;;;;;;;;;;;;
28-04-2024;654;457;NO;;;;;;;;;;;;;;;;;
29-04-2024;3260;2538;NO;;;;;;;;;;;;;;;;;
30-04-2024;3679;2928;NO;;;;;;;;;;;;;;;;;
01-05-2024;;;NO;;;;;;;;;;;;;;;;;
02-05-2024;3257;4074;NO;;;;;;;;;;;;;;;;;
03-05-2024;2954;3550;SI;;;;;;;;;;;;;;;;;
04-05-2024;1159;1815;SI;;;;;;;;;;;;;;;;;
05-05-2024;679;837;SI;;;;;;;;;;;;;;;;;
06-05-2024;3311;3983;NO;;;;;;;;;;;;;;;;;
07-05-2024;3295;2774;NO;;;;;;;;;;;;;;;;;
08-05-2024;3041;2672;NO;;;;;;;;;;;;;;;;;
09-05-2024;2875;2687;NO;;;;;;;;;;;;;;;;;
10-05-2024;2725;2441;NO;;;;;;;;;;;;;;;;;
11-05-2024;1085;1079;NO;;;;;;;;;;;;;;;;;
12-05-2024;459;390;NO;;;;;;;;;;;;;;;;;
13-05-2024;3081;2453;NO;;;;;;;;;;;;;;;;;
14-05-2024;2875;2364;NO;;;;;;;;;;;;;;;;;
15-05-2024;2801;2684;NO;;;;;;;;;;;;;;;;;
16-05-2024;2532;2226;NO;;;;;;;;;;;;;;;;;
17-05-2024;2216;2221;NO;;;;;;;;;;;;;;;;;
18-05-2024;888;1305;NO;;;;;;;;;;;;;;;;;
19-05-2024;570;512;NO;;;;;;;;;;;;;;;;;
20-05-2024;3084;3016;NO;;;;;;;;;;;;;;;;;
21-05-2024;1527;819;NO;;;;;;;;;;;;;;;;;
22-05-2024;2942;2424;NO;;;;;;;;;;;;;;;;;
23-05-2024;2888;2272;NO;;;;;;;;;;;;;;;;;
24-05-2024;2668;2183;NO;;;;;;;;;;;;;;;;;
25-05-2024;1235;1558;NO;;;;;;;;;;;;;;;;;
26-05-2024;575;495;NO;;;;;;;;;;;;;;;;;
27-05-2024;5894;1611;NO;;;;;;;;;;;;;;;;;
28-05-2024;5735;2301;NO;;;;;;;;;;;;;;;;;
29-05-2024;5658;2557;NO;;;;;;;;;;;;;;;;;
30-05-2024;3602;3590;NO;;;;;;;;;;;;;;;;;
31-05-2024;3725;3499;NO;;;;;;;;;;;;;;;;;
01-06-2024;1775;2679;NO;;;;;;;;;;;;;;;;;
02-06-2024;719;963;NO;;;;;;;;;;;;;;;;;
03-06-2024;5894;6078;NO;;;;;;;;;;;;;;;;;
04-06-2024;5735;5165;NO;;;;;;;;;;;;;;;;;
05-06-2024;5658;5600;NO;;;;;;;;;;;;;;;;;
06-06-2024;2684;3751;NO;;;;;;;;;;;;;;;;;
07-06-2024;2944;3286;NO;;;;;;;;;;;;;;;;;
08-06-2024;1999;1848;NO;;;;;;;;;;;;;;;;;
09-06-2024;965;798;NO;;;;;;;;;;;;;;;;;
10-06-2024;3127;3988;NO;;;;;;;;;;;;;;;;;
11-06-2024;2738;3354;NO;;;;;;;;;;;;;;;;;
12-06-2024;3081;2815;NO;;;;;;;;;;;;;;;;;
13-06-2024;2287;2427;NO;;;;;;;;;;;;;;;;;
14-06-2024;2938;2611;NO;;;;;;;;;;;;;;;;;
15-06-2024;1594;2417;NO;;;;;;;;;;;;;;;;;
16-06-2024;903;633;NO;;;;;;;;;;;;;;;;;
17-06-2024;2287;3026;NO;;;;;;;;;;;;;;;;;
18-06-2024;2032;2433;NO;;;;;;;;;;;;;;;;;
19-06-2024;2541;2562;NO;;;;;;;;;;;;;;;;;
20-06-2024;1706;1142;NO;;;;;;;;;;;;;;;;;
21-06-2024;2674;2552;NO;;;;;;;;;;;;;;;;;
22-06-2024;1986;1386;NO;;;;;;;;;;;;;;;;;
23-06-2024;1247;669;NO;;;;;;;;;;;;;;;;;
24-06-2024;2364;2963;NO;;;;;;;;;;;;;;;;;
25-06-2024;2140;2848;NO;;;;;;;;;;;;;;;;;
26-06-2024;2555;2865;NO;;;;;;;;;;;;;;;;;
27-06-2024;2223;2978;NO;;;;;;;;;;;;;;;;;
28-06-2024;3214;4724;NO;;;;;;;;;;;;;;;;;
29-06-2024;1990;2122;NO;;;;;;;;;;;;;;;;;
30-06-2024;1505;1261;NO;;;;;;;;;;;;;;;;;
01-07-2024;3259;5843;NO;;;;;;;;;;;;;;;;;
02-07-2024;2843;4725;NO;;;;;;;;;;;;;;;;;
03-07-2024;2818;4146;NO;;;;;;;;;;;;;;;;;
04-07-2024;2797;3891;NO;;;;;;;;;;;;;;;;;
05-07-2024;2855;3978;NO;;;;;;;;;;;;;;;;;
06-07-2024;1683;2239;NO;;;;;;;;;;;;;;;;;
07-07-2024;734;838;NO;;;;;;;;;;;;;;;;;
08-07-2024;3337;4095;NO;;;;;;;;;;;;;;;;;
09-07-2024;2786;4087;NO;;;;;;;;;;;;;;;;;
10-07-2024;2814;3542;NO;;;;;;;;;;;;;;;;;
11-07-2024;2687;3591;NO;;;;;;;;;;;;;;;;;
12-07-2024;2546;3772;NO;;;;;;;;;;;;;;;;;
13-07-2024;1694;2007;NO;;;;;;;;;;;;;;;;;
14-07-2024;772;1708;NO;;;;;;;;;;;;;;;;;
15-07-2024;3095;3598;NO;;;;;;;;;;;;;;;;;
16-07-2024;1706;1122;NO;;;;;;;;;;;;;;;;;
17-07-2024;2650;3025;NO;;;;;;;;;;;;;;;;;
18-07-2024;2492;2907;NO;;;;;;;;;;;;;;;;;
19-07-2024;2404;2710;NO;;;;;;;;;;;;;;;;;
20-07-2024;1650;1390;NO;;;;;;;;;;;;;;;;;
21-07-2024;736;638;NO;;;;;;;;;;;;;;;;;
22-07-2024;3180;3006;NO;;;;;;;;;;;;;;;;;
23-07-2024;2742;2633;NO;;;;;;;;;;;;;;;;;
24-07-2024;2705;2793;NO;;;;;;;;;;;;;;;;;
25-07-2024;2557;2646;NO;;;;;;;;;;;;;;;;;
26-07-2024;2419;2523;NO;;;;;;;;;;;;;;;;;
27-07-2024;1616;1316;NO;;;;;;;;;;;;;;;;;
28-07-2024;693;599;NO;;;;;;;;;;;;;;;;;
29-07-2024;3322;3020;NO;;;;;;;;;;;;;;;;;
30-07-2024;3172;3130;NO;;;;;;;;;;;;;;;;;
31-07-2024;3297;4145;NO;;;;;;;;;;;;;;;;;
01-08-2024;2797;3829;NO;;;;;;;;;;;;;;;;;
02-08-2024;2516;2692;NO;;;;;;;;;;;;;;;;;
03-08-2024;1628;2468;NO;;;;;;;;;;;;;;;;;
04-08-2024;705;774;NO;;;;;;;;;;;;;;;;;
05-08-2024;4094;4037;NO;;;;;;;;;;;;;;;;;
06-08-2024;3613;3473;NO;;;;;;;;;;;;;;;;;
07-08-2024;3495;3145;NO;;;;;;;;;;;;;;;;;
08-08-2024;3256;2712;NO;;;;;;;;;;;;;;;;;
09-08-2024;2960;2728;NO;;;;;;;;;;;;;;;;;
10-08-2024;1441;1423;NO;;;;;;;;;;;;;;;;;
11-08-2024;731;600;NO;;;;;;;;;;;;;;;;;
12-08-2024;3955;3132;NO;;;;;;;;;;;;;;;;;
13-08-2024;3400;2705;NO;;;;;;;;;;;;;;;;;
14-08-2024;3249;2744;NO;;;;;;;;;;;;;;;;;
15-08-2024;1192;958;NO;;;;;;;;;;;;;;;;;
16-08-2024;3223;2747;NO;;;;;;;;;;;;;;;;;
17-08-2024;1573;1110;NO;;;;;;;;;;;;;;;;;
18-08-2024;744;526;NO;;;;;;;;;;;;;;;;;
19-08-2024;4058;3283;NO;;;;;;;;;;;;;;;;;
20-08-2024;3654;2937;NO;;;;;;;;;;;;;;;;;
21-08-2024;3541;2880;NO;;;;;;;;;;;;;;;;;
22-08-2024;3145;2564;NO;;;;;;;;;;;;;;;;;
23-08-2024;3043;2264;NO;;;;;;;;;;;;;;;;;
24-08-2024;1673;1187;NO;;;;;;;;;;;;;;;;;
25-08-2024;781;505;NO;;;;;;;;;;;;;;;;;
26-08-2024;3816;2752;NO;;;;;;;;;;;;;;;;;
27-08-2024;3566;2418;NO;;;;;;;;;;;;;;;;;
28-08-2024;3493;2530;NO;;;;;;;;;;;;;;;;;
29-08-2024;3257;2501;NO;;;;;;;;;;;;;;;;;
30-08-2024;3855;3102;NO;;;;;;;;;;;;;;;;;
31-08-2024;2497;1594;NO;;;;;;;;;;;;;;;;;
01-09-2024;914;729;NO;;;;;;;;;;;;;;;;;
02-09-2024;3340;3999;NO;;;;;;;;;;;;;;;;;
03-09-2024;3294;3429;NO;;;;;;;;;;;;;;;;;
04-09-2024;2934;3402;NO;;;;;;;;;;;;;;;;;
05-09-2024;2719;3222;NO;;;;;;;;;;;;;;;;;
06-09-2024;2421;2752;NO;;;;;;;;;;;;;;;;;
07-09-2024;1629;1469;NO;;;;;;;;;;;;;;;;;
08-09-2024;907;630;NO;;;;;;;;;;;;;;;;;
09-09-2024;3028;3475;NO;;;;;;;;;;;;;;;;;
10-09-2024;2844;3223;NO;;;;;;;;;;;;;;;;;
11-09-2024;2603;2764;NO;;;;;;;;;;;;;;;;;
12-09-2024;2452;2462;NO;;;;;;;;;;;;;;;;;
13-09-2024;2397;2286;NO;;;;;;;;;;;;;;;;;
14-09-2024;1329;1367;NO;;;;;;;;;;;;;;;;;
15-09-2024;903;534;NO;;;;;;;;;;;;;;;;;
16-09-2024;2473;2658;NO;;;;;;;;;;;;;;;;;
17-09-2024;2320;1940;NO;;;;;;;;;;;;;;;;;
18-09-2024;;;NO;;;;;;;;;;;;;;;;;
19-09-2024;;;NO;;;;;;;;;;;;;;;;;
20-09-2024;1581;731;NO;;;;;;;;;;;;;;;;;
21-09-2024;1700;1034;NO;;;;;;;;;;;;;;;;;
22-09-2024;881;560;NO;;;;;;;;;;;;;;;;;
23-09-2024;2803;3566;NO;;;;;;;;;;;;;;;;;
24-09-2024;2694;3215;NO;;;;;;;;;;;;;;;;;
25-09-2024;2687;2973;NO;;;;;;;;;;;;;;;;;
26-09-2024;2512;1332;NO;;;;;;;;;;;;;;;;;
27-09-2024;2380;3173;NO;;;;;;;;;;;;;;;;;
28-09-2024;1704;1761;NO;;;;;;;;;;;;;;;;;
29-09-2024;1367;747;NO;;;;;;;;;;;;;;;;;
30-09-2024;6861;5881;SI;;;;;;;;;;;;;;;;;
01-10-2024;6115;5761;SI;;;;;;;;;;;;;;;;;
02-10-2024;5979;5448;SI;;;;;;;;;;;;;;;;;
03-10-2024;3726;3959;NO;;;;;;;;;;;;;;;;;
04-10-2024;3347;4029;NO;;;;;;;;;;;;;;;;;
05-10-2024;2004;2036;NO;;;;;;;;;;;;;;;;;
06-10-2024;853;787;NO;;;;;;;;;;;;;;;;;
07-10-2024;3362;3950;NO;;;;;;;;;;;;;;;;;
08-10-2024;2558;3541;NO;;;;;;;;;;;;;;;;;
09-10-2024;2563;3307;NO;;;;;;;;;;;;;;;;;
10-10-2024;2467;3114;NO;;;;;;;;;;;;;;;;;
11-10-2024;2287;2826;NO;;;;;;;;;;;;;;;;;
12-10-2024;1274;984;NO;;;;;;;;;;;;;;;;;
13-10-2024;520;584;NO;;;;;;;;;;;;;;;;;
14-10-2024;2756;3284;NO;;;;;;;;;;;;;;;;;
15-10-2024;2257;2910;NO;;;;;;;;;;;;;;;;;
16-10-2024;2517;3113;NO;;;;;;;;;;;;;;;;;
17-10-2024;2452;2515;NO;;;;;;;;;;;;;;;;;
18-10-2024;2269;2437;NO;;;;;;;;;;;;;;;;;
19-10-2024;1890;1210;NO;;;;;;;;;;;;;;;;;
20-10-2024;723;580;NO;;;;;;;;;;;;;;;;;
21-10-2024;2911;3136;NO;;;;;;;;;;;;;;;;;
22-10-2024;2669;2582;NO;;;;;;;;;;;;;;;;;
23-10-2024;2346;2663;NO;;;;;;;;;;;;;;;;;
24-10-2024;2327;2610;NO;;;;;;;;;;;;;;;;;
25-10-2024;2066;2435;NO;;;;;;;;;;;;;;;;;
26-10-2024;1411;1119;NO;;;;;;;;;;;;;;;;;
27-10-2024;584;449;NO;;;;;;;;;;;;;;;;;
28-10-2024;3285;2856;NO;;;;;;;;;;;;;;;;;
29-10-2024;3363;3141;NO;;;;;;;;;;;;;;;;;
30-10-2024;4007;3622;NO;;;;;;;;;;;;;;;;;
31-10-2024;2056;1338;NO;;;;;;;;;;;;;;;;;
01-11-2024;1812;876;NO;;;;;;;;;;;;;;;;;
02-11-2024;1374;1448;NO;;;;;;;;;;;;;;;;;
03-11-2024;843;601;NO;;;;;;;;;;;;;;;;;
04-11-2024;3548;4497;NO;;;;;;;;;;;;;;;;;
05-11-2024;3888;3968;NO;;;;;;;;;;;;;;;;;
06-11-2024;3578;3527;NO;;;;;;;;;;;;;;;;;
07-11-2024;3098;3563;NO;;;;;;;;;;;;;;;;;
08-11-2024;2821;3004;NO;;;;;;;;;;;;;;;;;
09-11-2024;1813;1331;NO;;;;;;;;;;;;;;;;;
10-11-2024;892;616;NO;;;;;;;;;;;;;;;;;
11-11-2024;3334;3496;NO;;;;;;;;;;;;;;;;;
12-11-2024;2708;2978;NO;;;;;;;;;;;;;;;;;
13-11-2024;2500;2717;NO;;;;;;;;;;;;;;;;;
14-11-2024;2388;2667;NO;;;;;;;;;;;;;;;;;
15-11-2024;2465;2552;NO;;;;;;;;;;;;;;;;;
16-11-2024;1927;1131;NO;;;;;;;;;;;;;;;;;
17-11-2024;979;505;NO;;;;;;;;;;;;;;;;;
18-11-2024;3118;2885;NO;;;;;;;;;;;;;;;;;
19-11-2024;2843;2415;NO;;;;;;;;;;;;;;;;;
20-11-2024;2749;2221;NO;;;;;;;;;;;;;;;;;
21-11-2024;2670;2363;NO;;;;;;;;;;;;;;;;;
22-11-2024;2544;2482;NO;;;;;;;;;;;;;;;;;
23-11-2024;1642;1298;NO;;;;;;;;;;;;;;;;;
24-11-2024;878;471;NO;;;;;;;;;;;;;;;;;
25-11-2024;3119;2467;NO;;;;;;;;;;;;;;;;;
26-11-2024;2741;2247;NO;;;;;;;;;;;;;;;;;
27-11-2024;3405;2227;NO;;;;;;;;;;;;;;;;;
28-11-2024;3378;3283;NO;;;;;;;;;;;;;;;;;
29-11-2024;4904;4357;SI;;;;;;;;;;;;;;;;;
30-11-2024;2631;2928;SI;;;;;;;;;;;;;;;;;
01-12-2024;946;996;SI;;;;;;;;;;;;;;;;;
02-12-2024;4307;4813;SI;;;;;;;;;;;;;;;;;
03-12-2024;4145;3737;NO;;;;;;;;;;;;;;;;;
04-12-2024;3802;3613;NO;;;;;;;;;;;;;;;;;
05-12-2024;3327;3598;NO;;;;;;;;;;;;;;;;;
06-12-2024;2468;2951;NO;;;;;;;;;;;;;;;;;
07-12-2024;1596;1532;NO;;;;;;;;;;;;;;;;;
08-12-2024;835;665;NO;;;;;;;;;;;;;;;;;
09-12-2024;3756;3473;NO;;;;;;;;;;;;;;;;;
10-12-2024;3380;2992;NO;;;;;;;;;;;;;;;;;
11-12-2024;3215;2830;NO;;;;;;;;;;;;;;;;;
12-12-2024;2905;2711;NO;;;;;;;;;;;;;;;;;
13-12-2024;2468;2573;NO;;;;;;;;;;;;;;;;;
14-12-2024;1796;1486;NO;;;;;;;;;;;;;;;;;
15-12-2024;716;628;NO;;;;;;;;;;;;;;;;;
16-12-2024;4019;2996;NO;;;;;;;;;;;;;;;;;
17-12-2024;3579;2589;NO;;;;;;;;;;;;;;;;;
18-12-2024;3215;2654;NO;;;;;;;;;;;;;;;;;
19-12-2024;3248;2730;NO;;;;;;;;;;;;;;;;;
20-12-2024;2865;2619;NO;;;;;;;;;;;;;;;;;
21-12-2024;1590;1632;NO;;;;;;;;;;;;;;;;;
22-12-2024;616;857;NO;;;;;;;;;;;;;;;;;
23-12-2024;3902;2941;NO;;;;;;;;;;;;;;;;;
24-12-2024;3579;1967;NO;;;;;;;;;;;;;;;;;
25-12-2024;0;;NO;;;;;;;;;;;;;;;;;
26-12-2024;3334;2842;NO;;;;;;;;;;;;;;;;;
27-12-2024;2544;2559;NO;;;;;;;;;;;;;;;;;
28-12-2024;1668;1573;NO;;;;;;;;;;;;;;;;;
29-12-2024;623;613;NO;;;;;;;;;;;;;;;;;
30-12-2024;3456;3343;NO;;;;;;;;;;;;;;;;;
31-12-2024;2450;1575;NO;;;;;;;;;;;;;;;;;
01-01-2025;;;NO;;;;;;;;;;;;;;;;;
02-01-2025;3211;4465;NO;;;;;;;;;;;;;;;;;
03-01-2025;3171;4045;NO;;;;;;;;;;;;;;;;;
04-01-2025;1503;1832;NO;;;;;;;;;;;;;;;;;
05-01-2025;724;786;NO;;;;;;;;;;;;;;;;;
06-01-2025;4076;4244;NO;;;;;;;;;;;;;;;;;
07-01-2025;3622;3409;NO;;;;;;;;;;;;;;;;;
08-01-2025;2853;3384;NO;;;;;;;;;;;;;;;;;
09-01-2025;2510;2887;NO;;;;;;;;;;;;;;;;;
10-01-2025;2128;2762;NO;;;;;;;;;;;;;;;;;
11-01-2025;1161;1308;NO;;;;;;;;;;;;;;;;;
12-01-2025;724;1019;NO;;;;;;;;;;;;;;;;;
13-01-2025;2915;3065;NO;;;;;;;;;;;;;;;;;
14-01-2025;2384;2944;NO;;;;;;;;;;;;;;;;;
15-01-2025;2234;3160;NO;;;;;;;;;;;;;;;;;
16-01-2025;2742;2844;NO;;;;;;;;;;;;;;;;;
17-01-2025;2394;2982;NO;;;;;;;;;;;;;;;;;
18-01-2025;1089;1389;NO;;;;;;;;;;;;;;;;;
19-01-2025;724;509;NO;;;;;;;;;;;;;;;;;
20-01-2025;3622;3151;NO;;;;;;;;;;;;;;;;;
21-01-2025;3216;2960;NO;;;;;;;;;;;;;;;;;
22-01-2025;2603;2829;NO;;;;;;;;;;;;;;;;;
23-01-2025;2494;3100;NO;;;;;;;;;;;;;;;;;
24-01-2025;2354;2965;NO;;;;;;;;;;;;;;;;;
25-01-2025;1363;1408;NO;;;;;;;;;;;;;;;;;
26-01-2025;537;612;NO;;;;;;;;;;;;;;;;;
27-01-2025;4170;3048;NO;;;;;;;;;;;;;;;;;
28-01-2025;3346;2750;NO;;;;;;;;;;;;;;;;;
29-01-2025;3839;2946;NO;;;;;;;;;;;;;;;;;
30-01-2025;2742;3159;NO;;;;;;;;;;;;;;;;;
31-01-2025;2394;4688;NO;;;;;;;;;;;;;;;;;
01-02-2025;1566;2104;NO;;;;;;;;;;;;;;;;;
02-02-2025;574;752;NO;;;;;;;;;;;;;;;;;
03-02-2025;3945;3984;NO;;;;;;;;;;;;;;;;;
04-02-2025;3338;3531;NO;;;;;;;;;;;;;;;;;
05-02-2025;3147;4429;NO;;;;;;;;;;;;;;;;;
06-02-2025;2769;3319;NO;;;;;;;;;;;;;;;;;
07-02-2025;2452;3116;NO;;;;;;;;;;;;;;;;;
08-02-2025;1244;1521;NO;;;;;;;;;;;;;;;;;
09-02-2025;463;563;NO;;;;;;;;;;;;;;;;;
10-02-2025;3351;3360;NO;;;;;;;;;;;;;;;;;
11-02-2025;2581;2856;NO;;;;;;;;;;;;;;;;;
12-02-2025;2346;2861;NO;;;;;;;;;;;;;;;;;
13-02-2025;2487;2749;NO;;;;;;;;;;;;;;;;;
14-02-2025;2375;2349;NO;;;;;;;;;;;;;;;;;
15-02-2025;1151;1128;NO;;;;;;;;;;;;;;;;;
16-02-2025;466;561;NO;;;;;;;;;;;;;;;;;
17-02-2025;4021;2814;NO;;;;;;;;;;;;;;;;;
18-02-2025;2599;2540;NO;;;;;;;;;;;;;;;;;
19-02-2025;2476;2559;NO;;;;;;;;;;;;;;;;;
20-02-2025;2292;2632;NO;;;;;;;;;;;;;;;;;
21-02-2025;2333;2429;NO;;;;;;;;;;;;;;;;;
22-02-2025;1164;1179;NO;;;;;;;;;;;;;;;;;
23-02-2025;523;643;NO;;;;;;;;;;;;;;;;;
24-02-2025;4021;2766;NO;;;;;;;;;;;;;;;;;
25-02-2025;3351;1652;NO;;;;;;;;;;;;;;;;;
26-02-2025;3351;3582;NO;;;;;;;;;;;;;;;;;
27-02-2025;3448;3129;NO;;;;;;;;;;;;;;;;;
28-02-2025;3227;3747;NO;;;;;;;;;;;;;;;;;
01-03-2025;1327;1998;NO;;;;;;;;;;;;;;;;;
02-03-2025;653;953;NO;;;;;;;;;;;;;;;;;
03-03-2025;4652;4220;NO;;;;;;;;;;;;;;;;;
04-03-2025;4453;3727;NO;;;;;;;;;;;;;;;;;
05-03-2025;3820;3528;NO;;;;;;;;;;;;;;;;;
06-03-2025;3738;3085;NO;;;;;;;;;;;;;;;;;
07-03-2025;3687;2804;NO;;;;;;;;;;;;;;;;;
08-03-2025;1708;1404;NO;;;;;;;;;;;;;;;;;
09-03-2025;660;667;NO;;;;;;;;;;;;;;;;;
10-03-2025;3925;3184;NO;;;;;;;;;;;;;;;;;
11-03-2025;3703;3137;NO;;;;;;;;;;;;;;;;;
12-03-2025;2981;2737;NO;;;;;;;;;;;;;;;;;
13-03-2025;3084;2505;NO;;;;;;;;;;;;;;;;;
14-03-2025;3273;2327;NO;;;;;;;;;;;;;;;;;
15-03-2025;1752;1242;NO;;;;;;;;;;;;;;;;;
16-03-2025;705;650;NO;;;;;;;;;;;;;;;;;
17-03-2025;3421;2594;NO;;;;;;;;;;;;;;;;;
18-03-2025;3312;2573;NO;;;;;;;;;;;;;;;;;
19-03-2025;2789;2408;NO;;;;;;;;;;;;;;;;;
20-03-2025;2800;2406;NO;;;;;;;;;;;;;;;;;
21-03-2025;2865;2549;NO;;;;;;;;;;;;;;;;;
22-03-2025;1416;1426;NO;;;;;;;;;;;;;;;;;
23-03-2025;603;731;NO;;;;;;;;;;;;;;;;;
24-03-2025;3694;2872;NO;;;;;;;;;;;;;;;;;
25-03-2025;3783;2836;NO;;;;;;;;;;;;;;;;;
26-03-2025;3754;2812;NO;;;;;;;;;;;;;;;;;
27-03-2025;3701;2989;NO;;;;;;;;;;;;;;;;;
28-03-2025;3826;3067;NO;;;;;;;;;;;;;;;;;
29-03-2025;1356;1990;NO;;;;;;;;;;;;;;;;;
30-03-2025;660;987;NO;;;;;;;;;;;;;;;;;
31-03-2025;4116;4767;NO;;;;;;;;;;;;;;;;;
